-- --------------------------------------------------------
-- 主机:                           127.0.0.1
-- 服务器版本:                        5.7.26 - MySQL Community Server (GPL)
-- 服务器操作系统:                      Win64
-- HeidiSQL 版本:                  12.11.0.7065
-- --------------------------------------------------------

/*!40101 SET @OLD_CHARACTER_SET_CLIENT=@@CHARACTER_SET_CLIENT */;
/*!40101 SET NAMES utf8 */;
/*!50503 SET NAMES utf8mb4 */;
/*!40103 SET @OLD_TIME_ZONE=@@TIME_ZONE */;
/*!40103 SET TIME_ZONE='+00:00' */;
/*!40014 SET @OLD_FOREIGN_KEY_CHECKS=@@FOREIGN_KEY_CHECKS, FOREIGN_KEY_CHECKS=0 */;
/*!40101 SET @OLD_SQL_MODE=@@SQL_MODE, SQL_MODE='NO_AUTO_VALUE_ON_ZERO' */;
/*!40111 SET @OLD_SQL_NOTES=@@SQL_NOTES, SQL_NOTES=0 */;


-- 导出 caigou 的数据库结构
DROP DATABASE IF EXISTS `caigou`;
CREATE DATABASE IF NOT EXISTS `caigou` /*!40100 DEFAULT CHARACTER SET utf8mb4 */;
USE `caigou`;

-- 导出  表 caigou.ymp_departments 结构
DROP TABLE IF EXISTS `ymp_departments`;
CREATE TABLE IF NOT EXISTS `ymp_departments` (
  `id` int(10) unsigned NOT NULL AUTO_INCREMENT,
  `parent_id` int(11) NOT NULL DEFAULT '0' COMMENT '父级ID',
  `department_name` varchar(255) COLLATE utf8mb4_unicode_ci NOT NULL COMMENT '部门名称',
  `principal` varchar(255) COLLATE utf8mb4_unicode_ci DEFAULT NULL COMMENT '负责人',
  `mobile` varchar(30) COLLATE utf8mb4_unicode_ci DEFAULT NULL COMMENT '负责人联系方式',
  `email` varchar(50) COLLATE utf8mb4_unicode_ci DEFAULT NULL COMMENT '邮箱',
  `status` smallint(6) NOT NULL DEFAULT '1' COMMENT '1 正常 2 停用',
  `sort` int(11) NOT NULL DEFAULT '1' COMMENT '排序',
  `creator_id` int(10) unsigned NOT NULL DEFAULT '0' COMMENT 'creator id',
  `created_at` int(10) unsigned NOT NULL DEFAULT '0' COMMENT 'created time',
  `updated_at` int(10) unsigned NOT NULL DEFAULT '0' COMMENT 'updated time',
  `deleted_at` int(10) unsigned NOT NULL DEFAULT '0' COMMENT 'delete time',
  PRIMARY KEY (`id`)
) ENGINE=InnoDB AUTO_INCREMENT=2 DEFAULT CHARSET=utf8mb4 COLLATE=utf8mb4_unicode_ci COMMENT='部门表';

-- 正在导出表  caigou.ymp_departments 的数据：~0 rows (大约)
DELETE FROM `ymp_departments`;
INSERT INTO `ymp_departments` (`id`, `parent_id`, `department_name`, `principal`, `mobile`, `email`, `status`, `sort`, `creator_id`, `created_at`, `updated_at`, `deleted_at`) VALUES
	(1, 0, '采购部', NULL, NULL, NULL, 1, 1, 1, 1761376432, 1761376432, 0);

-- 导出  表 caigou.ymp_failed_jobs 结构
DROP TABLE IF EXISTS `ymp_failed_jobs`;
CREATE TABLE IF NOT EXISTS `ymp_failed_jobs` (
  `id` bigint(20) unsigned NOT NULL AUTO_INCREMENT,
  `uuid` varchar(255) COLLATE utf8mb4_unicode_ci NOT NULL,
  `connection` text COLLATE utf8mb4_unicode_ci NOT NULL,
  `queue` text COLLATE utf8mb4_unicode_ci NOT NULL,
  `payload` longtext COLLATE utf8mb4_unicode_ci NOT NULL,
  `exception` longtext COLLATE utf8mb4_unicode_ci NOT NULL,
  `failed_at` timestamp NOT NULL DEFAULT CURRENT_TIMESTAMP,
  PRIMARY KEY (`id`),
  UNIQUE KEY `ymp_failed_jobs_uuid_unique` (`uuid`)
) ENGINE=InnoDB DEFAULT CHARSET=utf8mb4 COLLATE=utf8mb4_unicode_ci;

-- 正在导出表  caigou.ymp_failed_jobs 的数据：~0 rows (大约)
DELETE FROM `ymp_failed_jobs`;

-- 导出  表 caigou.ymp_jobs 结构
DROP TABLE IF EXISTS `ymp_jobs`;
CREATE TABLE IF NOT EXISTS `ymp_jobs` (
  `id` int(10) unsigned NOT NULL AUTO_INCREMENT,
  `job_name` varchar(50) COLLATE utf8mb4_unicode_ci NOT NULL COMMENT '岗位名称',
  `coding` varchar(30) COLLATE utf8mb4_unicode_ci DEFAULT NULL COMMENT '创建人ID',
  `status` tinyint(4) NOT NULL DEFAULT '1' COMMENT '1 正常 2 停用',
  `sort` int(11) NOT NULL DEFAULT '1' COMMENT '排序',
  `description` varchar(1000) COLLATE utf8mb4_unicode_ci DEFAULT NULL COMMENT '岗位描述',
  `creator_id` int(10) unsigned NOT NULL DEFAULT '0' COMMENT 'creator id',
  `created_at` int(10) unsigned NOT NULL DEFAULT '0' COMMENT 'created time',
  `updated_at` int(10) unsigned NOT NULL DEFAULT '0' COMMENT 'updated time',
  `deleted_at` int(10) unsigned NOT NULL DEFAULT '0' COMMENT 'delete time',
  PRIMARY KEY (`id`)
) ENGINE=InnoDB AUTO_INCREMENT=2 DEFAULT CHARSET=utf8mb4 COLLATE=utf8mb4_unicode_ci COMMENT='岗位表';

-- 正在导出表  caigou.ymp_jobs 的数据：~0 rows (大约)
DELETE FROM `ymp_jobs`;
INSERT INTO `ymp_jobs` (`id`, `job_name`, `coding`, `status`, `sort`, `description`, `creator_id`, `created_at`, `updated_at`, `deleted_at`) VALUES
	(1, '采购主管', 'purchase001', 1, 1, NULL, 1, 1761376415, 1761376415, 0);

-- 导出  表 caigou.ymp_log_login 结构
DROP TABLE IF EXISTS `ymp_log_login`;
CREATE TABLE IF NOT EXISTS `ymp_log_login` (
  `id` int(10) unsigned NOT NULL AUTO_INCREMENT,
  `account` varchar(255) COLLATE utf8mb4_unicode_ci NOT NULL COMMENT '登录账户',
  `login_ip` varchar(255) COLLATE utf8mb4_unicode_ci NOT NULL COMMENT '登录的IP',
  `browser` varchar(255) COLLATE utf8mb4_unicode_ci NOT NULL COMMENT '浏览器',
  `platform` varchar(255) COLLATE utf8mb4_unicode_ci NOT NULL COMMENT '平台',
  `login_at` int(11) NOT NULL COMMENT '平台',
  `status` tinyint(4) NOT NULL DEFAULT '1' COMMENT '1:normal 2: forbidden',
  PRIMARY KEY (`id`)
) ENGINE=InnoDB AUTO_INCREMENT=12 DEFAULT CHARSET=utf8mb4 COLLATE=utf8mb4_unicode_ci;

-- 正在导出表  caigou.ymp_log_login 的数据：~10 rows (大约)
DELETE FROM `ymp_log_login`;
INSERT INTO `ymp_log_login` (`id`, `account`, `login_ip`, `browser`, `platform`, `login_at`, `status`) VALUES
	(1, 'huaneng@qq.com', '127.0.0.1', 'Chrome', 'Windows', 1760459329, 1),
	(2, 'huaneng@qq.com', '127.0.0.1', 'Chrome', 'Windows', 1760667894, 1),
	(3, 'huaneng@qq.com', '127.0.0.1', 'Chrome', 'Windows', 1761312544, 1),
	(4, 'huaneng@qq.com', '127.0.0.1', 'Chrome', 'Windows', 1761376309, 1),
	(5, 'huaneng@qq.com', '127.0.0.1', 'Chrome', 'Windows', 1761376496, 1),
	(6, 'huaneng@qq.com', '127.0.0.1', 'unknown', 'Mac OS', 1761377608, 1),
	(7, 'huaneng@qq.com', '127.0.0.1', 'Chrome', 'Windows', 1761440223, 1),
	(8, 'huaneng@qq.com', '127.0.0.1', 'Chrome', 'Windows', 1761657785, 1),
	(9, 'huaneng@qq.com', '127.0.0.1', 'Chrome', 'Windows', 1761670013, 1),
	(10, 'huaneng@qq.com', '127.0.0.1', 'Chrome', 'Windows', 1762093772, 1),
	(11, 'huaneng@qq.com', '127.0.0.1', 'Chrome', 'Windows', 1762263064, 1);

-- 导出  表 caigou.ymp_log_operate 结构
DROP TABLE IF EXISTS `ymp_log_operate`;
CREATE TABLE IF NOT EXISTS `ymp_log_operate` (
  `id` int(10) unsigned NOT NULL AUTO_INCREMENT,
  `module` varchar(50) COLLATE utf8mb4_unicode_ci NOT NULL COMMENT '操作',
  `action` varchar(50) COLLATE utf8mb4_unicode_ci NOT NULL COMMENT '操作',
  `params` text COLLATE utf8mb4_unicode_ci NOT NULL COMMENT '参数',
  `ip` varchar(255) COLLATE utf8mb4_unicode_ci NOT NULL COMMENT 'ip 地址',
  `http_method` varchar(10) COLLATE utf8mb4_unicode_ci NOT NULL COMMENT 'http 请求方式',
  `http_code` smallint(6) NOT NULL COMMENT 'http status code',
  `start_at` int(10) unsigned NOT NULL COMMENT '请求开始时间',
  `time_taken` smallint(6) NOT NULL COMMENT '请求消耗时间/ms',
  `creator_id` int(10) unsigned NOT NULL DEFAULT '0' COMMENT 'creator id',
  `created_at` int(10) unsigned NOT NULL DEFAULT '0' COMMENT 'created time',
  PRIMARY KEY (`id`)
) ENGINE=InnoDB AUTO_INCREMENT=578 DEFAULT CHARSET=utf8mb4 COLLATE=utf8mb4_unicode_ci COMMENT='操作日志';

-- 正在导出表  caigou.ymp_log_operate 的数据：~546 rows (大约)
DELETE FROM `ymp_log_operate`;
INSERT INTO `ymp_log_operate` (`id`, `module`, `action`, `params`, `ip`, `http_method`, `http_code`, `start_at`, `time_taken`, `creator_id`, `created_at`) VALUES
	(1, 'user', 'user@online', '[]', '127.0.0.1', 'GET', 200, 1760459329, 344, 1, 1760459330),
	(2, 'develop', 'module@index', '{"page":"1","limit":"10"}', '127.0.0.1', 'GET', 200, 1760459366, 402, 1, 1760459366),
	(3, 'develop', 'schema@index', '{"page":"1","limit":"10"}', '127.0.0.1', 'GET', 200, 1760459368, 251, 1, 1760459368),
	(4, 'user', 'user@online', '[]', '127.0.0.1', 'GET', 200, 1760490541, 749, 1, 1760490542),
	(5, 'develop', 'module@index', '{"page":"1","limit":"10"}', '127.0.0.1', 'GET', 200, 1760490633, 364, 1, 1760490634),
	(6, 'develop', 'module@store', '{"title":"采购管理","path":"purchase","keywords":"采购","description":"采购","dirs":{"controllers":true,"models":true,"database":true,"requests":true}}', '127.0.0.1', 'POST', 200, 1760490676, 285, 1, 1760490676),
	(7, 'develop', 'module@index', '{"page":"1","limit":"10"}', '127.0.0.1', 'GET', 200, 1760490676, 230, 1, 1760490677),
	(8, 'develop', 'schema@index', '{"page":"1","limit":"10"}', '127.0.0.1', 'GET', 200, 1760490679, 190, 1, 1760490679),
	(9, 'permissions', 'roles@index', '[]', '127.0.0.1', 'GET', 200, 1760490680, 202, 1, 1760490681),
	(10, 'permissions', 'permissions@index', '[]', '127.0.0.1', 'GET', 200, 1760490681, 252, 1, 1760490682),
	(11, 'user', 'user@online', '[]', '127.0.0.1', 'GET', 200, 1760667894, 172, 1, 1760667894),
	(12, 'develop', 'module@index', '{"page":"1","limit":"10"}', '127.0.0.1', 'GET', 200, 1760671498, 576, 1, 1760671499),
	(13, 'develop', 'schema@index', '{"page":"1","limit":"10"}', '127.0.0.1', 'GET', 200, 1760671527, 253, 1, 1760671527),
	(14, 'common', 'option@index', '[]', '127.0.0.1', 'GET', 200, 1760671528, 259, 1, 1760671528),
	(15, 'user', 'user@online', '[]', '127.0.0.1', 'GET', 200, 1760673347, 256, 1, 1760673347),
	(16, 'develop', 'schema@index', '{"page":"1","limit":"10"}', '127.0.0.1', 'GET', 200, 1760673347, 371, 1, 1760673348),
	(17, 'user', 'user@online', '[]', '127.0.0.1', 'GET', 200, 1760796414, 635, 1, 1760796415),
	(18, 'develop', 'schema@index', '{"page":"1","limit":"10"}', '127.0.0.1', 'GET', 200, 1760796415, 286, 1, 1760796415),
	(19, 'user', 'user@online', '[]', '127.0.0.1', 'GET', 200, 1761312545, 147, 1, 1761312545),
	(20, 'develop', 'module@index', '{"page":"1","limit":"10"}', '127.0.0.1', 'GET', 200, 1761312566, 180, 1, 1761312566),
	(21, 'permissions', 'permissions@index', '[]', '127.0.0.1', 'GET', 200, 1761312587, 442, 1, 1761312588),
	(22, 'user', 'user@online', '[]', '127.0.0.1', 'GET', 200, 1761313458, 333, 1, 1761313458),
	(23, 'user', 'user@online', '[]', '127.0.0.1', 'GET', 200, 1761314603, 373, 1, 1761314604),
	(24, 'permissions', 'permissions@index', '[]', '127.0.0.1', 'GET', 200, 1761314604, 227, 1, 1761314604),
	(25, 'permissions', 'permissions@index', '[]', '127.0.0.1', 'GET', 200, 1761314610, 288, 1, 1761314610),
	(26, 'permissions', 'permissions@index', '[]', '127.0.0.1', 'GET', 200, 1761314611, 491, 1, 1761314612),
	(27, 'permissions', 'roles@index', '[]', '127.0.0.1', 'GET', 200, 1761314617, 448, 1, 1761314617),
	(28, 'user', 'user@online', '[]', '127.0.0.1', 'GET', 200, 1761314658, 243, 1, 1761314658),
	(29, 'user', 'user@online', '[]', '127.0.0.1', 'GET', 200, 1761315190, 121, 1, 1761315190),
	(30, 'permissions', 'permissions@index', '[]', '127.0.0.1', 'GET', 200, 1761315190, 117, 1, 1761315190),
	(31, 'user', 'user@online', '[]', '127.0.0.1', 'GET', 200, 1761315301, 156, 1, 1761315301),
	(32, 'user', 'user@online', '[]', '127.0.0.1', 'GET', 200, 1761315346, 129, 1, 1761315346),
	(33, 'develop', 'module@index', '{"page":"1","limit":"10"}', '127.0.0.1', 'GET', 200, 1761315351, 111, 1, 1761315351),
	(34, 'develop', 'schema@index', '{"page":"1","limit":"10"}', '127.0.0.1', 'GET', 200, 1761315355, 104, 1, 1761315355),
	(35, 'user', 'user@online', '[]', '127.0.0.1', 'GET', 200, 1761315366, 110, 1, 1761315367),
	(36, 'develop', 'module@index', '{"page":"1","limit":"10"}', '127.0.0.1', 'GET', 200, 1761315372, 112, 1, 1761315372),
	(37, 'user', 'user@online', '[]', '127.0.0.1', 'GET', 200, 1761315378, 128, 1, 1761315378),
	(38, 'develop', 'module@index', '{"page":"1","limit":"10"}', '127.0.0.1', 'GET', 200, 1761315389, 139, 1, 1761315389),
	(39, 'user', 'user@online', '[]', '127.0.0.1', 'GET', 200, 1761315395, 98, 1, 1761315395),
	(40, 'develop', 'module@index', '{"page":"1","limit":"10"}', '127.0.0.1', 'GET', 200, 1761315404, 120, 1, 1761315404),
	(41, 'permissions', 'roles@index', '[]', '127.0.0.1', 'GET', 200, 1761315407, 101, 1, 1761315407),
	(42, 'develop', 'schema@index', '{"page":"1","limit":"10"}', '127.0.0.1', 'GET', 200, 1761315437, 129, 1, 1761315437),
	(43, 'permissions', 'permissions@index', '[]', '127.0.0.1', 'GET', 200, 1761315444, 115, 1, 1761315444),
	(44, 'common', 'option@index', '[]', '127.0.0.1', 'GET', 200, 1761315446, 84, 1, 1761315446),
	(45, 'permissions', 'permissions@index', '[]', '127.0.0.1', 'GET', 200, 1761315446, 145, 1, 1761315446),
	(46, 'common', 'option@index', '[]', '127.0.0.1', 'GET', 200, 1761315446, 92, 1, 1761315446),
	(47, 'common', 'option@index', '{"module":"purchase"}', '127.0.0.1', 'GET', 200, 1761315489, 132, 1, 1761315489),
	(48, 'permissions', 'permissions@index', '[]', '127.0.0.1', 'GET', 200, 1761315498, 102, 1, 1761315498),
	(49, 'permissions', 'permissions@show', '[]', '127.0.0.1', 'GET', 200, 1761315498, 104, 1, 1761315498),
	(50, 'common', 'option@index', '[]', '127.0.0.1', 'GET', 200, 1761315498, 116, 1, 1761315498),
	(51, 'common', 'option@index', '[]', '127.0.0.1', 'GET', 200, 1761315498, 112, 1, 1761315498),
	(52, 'common', 'option@index', '{"module":"permissions","controller":null}', '127.0.0.1', 'GET', 200, 1761315498, 117, 1, 1761315498),
	(53, 'user', 'user@online', '[]', '127.0.0.1', 'GET', 200, 1761315507, 134, 1, 1761315507),
	(54, 'permissions', 'permissions@index', '[]', '127.0.0.1', 'GET', 200, 1761315507, 107, 1, 1761315507),
	(55, 'common', 'option@index', '[]', '127.0.0.1', 'GET', 200, 1761315514, 110, 1, 1761315514),
	(56, 'common', 'option@index', '[]', '127.0.0.1', 'GET', 200, 1761315514, 111, 1, 1761315514),
	(57, 'permissions', 'permissions@index', '[]', '127.0.0.1', 'GET', 200, 1761315514, 122, 1, 1761315514),
	(58, 'common', 'option@index', '{"module":"purchase"}', '127.0.0.1', 'GET', 200, 1761315531, 92, 1, 1761315531),
	(59, 'common', 'option@index', '{"module":"purchase"}', '127.0.0.1', 'GET', 200, 1761315548, 88, 1, 1761315548),
	(60, 'permissions', 'permissions@store', '{"sort":1,"keepalive":1,"type":1,"hidden":1,"route":"\\/purchase","permission_name":"采购管理","module":"purchase","icon":"arrow-down-on-square-stack","component":"\\/layout\\/index.vue","parent_id":0}', '127.0.0.1', 'POST', 200, 1761315554, 135, 1, 1761315554),
	(61, 'permissions', 'permissions@index', '[]', '127.0.0.1', 'GET', 200, 1761315554, 93, 1, 1761315554),
	(62, 'user', 'user@online', '[]', '127.0.0.1', 'GET', 200, 1761315557, 112, 1, 1761315557),
	(63, 'permissions', 'permissions@index', '[]', '127.0.0.1', 'GET', 200, 1761315557, 137, 1, 1761315557),
	(64, 'common', 'option@index', '[]', '127.0.0.1', 'GET', 200, 1761315567, 113, 1, 1761315567),
	(65, 'permissions', 'permissions@show', '[]', '127.0.0.1', 'GET', 200, 1761315567, 110, 1, 1761315567),
	(66, 'permissions', 'permissions@index', '[]', '127.0.0.1', 'GET', 200, 1761315567, 116, 1, 1761315567),
	(67, 'common', 'option@index', '[]', '127.0.0.1', 'GET', 200, 1761315567, 120, 1, 1761315567),
	(68, 'common', 'option@index', '{"module":"permissions","controller":null}', '127.0.0.1', 'GET', 200, 1761315567, 84, 1, 1761315567),
	(69, 'user', 'user@online', '[]', '127.0.0.1', 'GET', 200, 1761315586, 123, 1, 1761315586),
	(70, 'permissions', 'permissions@index', '[]', '127.0.0.1', 'GET', 200, 1761315586, 118, 1, 1761315586),
	(71, 'permissions', 'permissions@show', '[]', '127.0.0.1', 'GET', 200, 1761315592, 88, 1, 1761315593),
	(72, 'common', 'option@index', '[]', '127.0.0.1', 'GET', 200, 1761315592, 106, 1, 1761315593),
	(73, 'common', 'option@index', '[]', '127.0.0.1', 'GET', 200, 1761315592, 105, 1, 1761315593),
	(74, 'permissions', 'permissions@index', '[]', '127.0.0.1', 'GET', 200, 1761315592, 112, 1, 1761315593),
	(75, 'common', 'option@index', '{"module":"purchase","controller":null}', '127.0.0.1', 'GET', 200, 1761315593, 107, 1, 1761315593),
	(76, 'permissions', 'permissions@update', '{"id":37,"parent_id":0,"permission_name":"采购管理","route":"\\/purchase","icon":"briefcase","module":"purchase","permission_mark":null,"component":"\\/layout\\/index.vue","redirect":null,"keepalive":1,"type":1,"hidden":1,"sort":1,"active_menu":null,"creator_id":1,"created_at":"2025-10-24 22:19","updated_at":"2025-10-24 22:19"}', '127.0.0.1', 'PUT', 200, 1761315665, 113, 1, 1761315665),
	(77, 'permissions', 'permissions@index', '[]', '127.0.0.1', 'GET', 200, 1761315665, 134, 1, 1761315665),
	(78, 'user', 'user@online', '[]', '127.0.0.1', 'GET', 200, 1761315668, 142, 1, 1761315668),
	(79, 'permissions', 'permissions@index', '[]', '127.0.0.1', 'GET', 200, 1761315668, 107, 1, 1761315668),
	(80, 'permissions', 'roles@index', '[]', '127.0.0.1', 'GET', 200, 1761315676, 114, 1, 1761315676),
	(81, 'common', 'option@index', '[]', '127.0.0.1', 'GET', 200, 1761315683, 115, 1, 1761315683),
	(82, 'permissions', 'permissions@show', '[]', '127.0.0.1', 'GET', 200, 1761315683, 115, 1, 1761315683),
	(83, 'common', 'option@index', '[]', '127.0.0.1', 'GET', 200, 1761315683, 117, 1, 1761315683),
	(84, 'permissions', 'permissions@index', '[]', '127.0.0.1', 'GET', 200, 1761315683, 124, 1, 1761315683),
	(85, 'common', 'option@index', '{"module":"permissions","controller":"Roles"}', '127.0.0.1', 'GET', 200, 1761315683, 98, 1, 1761315683),
	(86, 'common', 'option@index', '{"module":"permissions"}', '127.0.0.1', 'GET', 200, 1761315683, 98, 1, 1761315683),
	(87, 'permissions', 'permissions@index', '[]', '127.0.0.1', 'GET', 200, 1761315689, 97, 1, 1761315690),
	(88, 'common', 'option@index', '[]', '127.0.0.1', 'GET', 200, 1761315689, 101, 1, 1761315690),
	(89, 'common', 'option@index', '[]', '127.0.0.1', 'GET', 200, 1761315689, 100, 1, 1761315690),
	(90, 'common', 'option@index', '[]', '127.0.0.1', 'GET', 200, 1761315691, 128, 1, 1761315691),
	(91, 'common', 'option@index', '{"module":"purchase"}', '127.0.0.1', 'GET', 200, 1761315692, 84, 1, 1761315692),
	(92, 'common', 'option@index', '{"module":"purchase"}', '127.0.0.1', 'GET', 200, 1761315692, 86, 1, 1761315692),
	(93, 'common', 'option@index', '{"module":"purchase"}', '127.0.0.1', 'GET', 200, 1761315740, 110, 1, 1761315740),
	(94, 'common', 'option@index', '{"module":"purchase"}', '127.0.0.1', 'GET', 200, 1761315740, 91, 1, 1761315740),
	(95, 'common', 'option@index', '{"module":"permissions"}', '127.0.0.1', 'GET', 200, 1761315743, 116, 1, 1761315743),
	(96, 'common', 'option@index', '{"module":"permissions"}', '127.0.0.1', 'GET', 200, 1761315743, 133, 1, 1761315744),
	(97, 'common', 'option@index', '{"module":"purchase","controller":"Purchase"}', '127.0.0.1', 'GET', 200, 1761315755, 103, 1, 1761315755),
	(98, 'common', 'option@index', '{"module":"purchase"}', '127.0.0.1', 'GET', 200, 1761315755, 102, 1, 1761315755),
	(99, 'common', 'option@index', '{"module":"purchase"}', '127.0.0.1', 'GET', 200, 1761315755, 106, 1, 1761315755),
	(100, 'common', 'option@index', '{"module":"purchase"}', '127.0.0.1', 'GET', 200, 1761315756, 102, 1, 1761315756),
	(101, 'common', 'option@index', '{"module":"purchase"}', '127.0.0.1', 'GET', 200, 1761315757, 110, 1, 1761315757),
	(102, 'common', 'option@index', '{"module":"purchase"}', '127.0.0.1', 'GET', 200, 1761315757, 141, 1, 1761315758),
	(103, 'common', 'option@index', '{"module":"purchase","controller":"Purchase"}', '127.0.0.1', 'GET', 200, 1761315787, 132, 1, 1761315787),
	(104, 'permissions', 'permissions@store', '{"sort":1,"keepalive":1,"type":2,"hidden":1,"module":"purchase","permission_name":"采购管理","parent_id":37,"route":"purchase","permission_mark":"Purchase","icon":"clipboard-document-check","component":"\\/purchase\\/purchase\\/index"}', '127.0.0.1', 'POST', 200, 1761315794, 88, 1, 1761315794),
	(105, 'common', 'option@index', '{"module":"purchase"}', '127.0.0.1', 'GET', 200, 1761315794, 103, 1, 1761315794),
	(106, 'permissions', 'permissions@index', '[]', '127.0.0.1', 'GET', 200, 1761315794, 123, 1, 1761315794),
	(107, 'common', 'option@index', '{"module":"purchase"}', '127.0.0.1', 'GET', 200, 1761315794, 102, 1, 1761315794),
	(108, 'common', 'option@index', '{"module":"permissions"}', '127.0.0.1', 'GET', 200, 1761315797, 109, 1, 1761315797),
	(109, 'permissions', 'permissions@update', '{"id":2,"parent_id":1,"permission_name":"角色管理","route":"roles","icon":"arrow-left-circle","module":"permissions","permission_mark":"Roles","component":"\\/permissions\\/roles\\/index.vue","redirect":null,"keepalive":1,"type":2,"hidden":1,"sort":6,"active_menu":null,"creator_id":0,"created_at":"2022-12-09 17:59","updated_at":"2023-01-04 10:08"}', '127.0.0.1', 'PUT', 200, 1761315797, 108, 1, 1761315797),
	(110, 'common', 'option@index', '{"module":"permissions"}', '127.0.0.1', 'GET', 200, 1761315797, 101, 1, 1761315797),
	(111, 'permissions', 'permissions@index', '[]', '127.0.0.1', 'GET', 200, 1761315797, 93, 1, 1761315797),
	(112, 'common', 'option@index', '{"module":"permissions"}', '127.0.0.1', 'GET', 200, 1761315797, 117, 1, 1761315797),
	(113, 'common', 'option@index', '{"module":"permissions"}', '127.0.0.1', 'GET', 200, 1761315797, 88, 1, 1761315797),
	(114, 'user', 'user@online', '[]', '127.0.0.1', 'GET', 200, 1761315801, 110, 1, 1761315801),
	(115, 'permissions', 'permissions@index', '[]', '127.0.0.1', 'GET', 200, 1761315801, 121, 1, 1761315801),
	(116, 'user', 'user@online', '[]', '127.0.0.1', 'GET', 200, 1761315848, 129, 1, 1761315848),
	(117, 'user', 'user@online', '[]', '127.0.0.1', 'GET', 200, 1761315848, 93, 1, 1761315848),
	(118, 'permissions', 'permissions@index', '[]', '127.0.0.1', 'GET', 200, 1761315848, 105, 1, 1761315849),
	(119, 'user', 'user@online', '[]', '127.0.0.1', 'GET', 200, 1761316150, 363, 1, 1761316150),
	(120, 'user', 'user@online', '[]', '127.0.0.1', 'GET', 200, 1761316253, 331, 1, 1761316254),
	(121, 'user', 'user@online', '[]', '127.0.0.1', 'GET', 200, 1761316554, 262, 1, 1761316554),
	(122, 'user', 'user@online', '[]', '127.0.0.1', 'GET', 200, 1761316654, 236, 1, 1761316654),
	(123, 'permissions', 'permissions@index', '[]', '127.0.0.1', 'GET', 200, 1761316670, 819, 1, 1761316671),
	(124, 'permissions', 'permissions@store', '{"parent_id":38,"actions":true}', '127.0.0.1', 'POST', 200, 1761316690, 533, 1, 1761316690),
	(125, 'permissions', 'permissions@index', '[]', '127.0.0.1', 'GET', 200, 1761316691, 554, 1, 1761316691),
	(126, 'permissions', 'permissions@store', '{"parent_id":38,"actions":true}', '127.0.0.1', 'POST', 200, 1761316696, 344, 1, 1761316696),
	(127, 'permissions', 'permissions@index', '[]', '127.0.0.1', 'GET', 200, 1761316696, 424, 1, 1761316697),
	(128, 'common', 'option@index', '[]', '127.0.0.1', 'GET', 200, 1761316709, 162, 1, 1761316709),
	(129, 'common', 'option@index', '[]', '127.0.0.1', 'GET', 200, 1761316709, 174, 1, 1761316709),
	(130, 'permissions', 'permissions@index', '[]', '127.0.0.1', 'GET', 200, 1761316709, 188, 1, 1761316709),
	(131, 'user', 'user@online', '[]', '127.0.0.1', 'GET', 200, 1761316738, 335, 1, 1761316738),
	(132, 'permissions', 'permissions@index', '[]', '127.0.0.1', 'GET', 200, 1761316739, 220, 1, 1761316739),
	(133, 'user', 'user@online', '[]', '127.0.0.1', 'GET', 200, 1761317691, 224, 1, 1761317691),
	(134, 'user', 'user@online', '[]', '127.0.0.1', 'GET', 200, 1761349324, 409, 1, 1761349325),
	(135, 'user', 'user@online', '[]', '127.0.0.1', 'GET', 200, 1761349394, 432, 1, 1761349395),
	(136, 'user', 'user@online', '[]', '127.0.0.1', 'GET', 200, 1761349413, 285, 1, 1761349414),
	(137, 'user', 'user@online', '[]', '127.0.0.1', 'GET', 200, 1761349440, 377, 1, 1761349440),
	(138, 'user', 'user@online', '[]', '127.0.0.1', 'GET', 200, 1761349542, 572, 1, 1761349542),
	(139, 'user', 'user@online', '[]', '127.0.0.1', 'GET', 200, 1761349583, 272, 1, 1761349583),
	(140, 'user', 'user@online', '[]', '127.0.0.1', 'GET', 200, 1761349593, 476, 1, 1761349593),
	(141, 'user', 'user@online', '[]', '127.0.0.1', 'GET', 200, 1761349648, 526, 1, 1761349649),
	(142, 'user', 'user@online', '[]', '127.0.0.1', 'GET', 200, 1761349654, 348, 1, 1761349655),
	(143, 'user', 'user@online', '[]', '127.0.0.1', 'GET', 200, 1761349657, 251, 1, 1761349657),
	(144, 'user', 'user@online', '[]', '127.0.0.1', 'GET', 200, 1761349735, 410, 1, 1761349735),
	(145, 'user', 'user@online', '[]', '127.0.0.1', 'GET', 200, 1761349776, 295, 1, 1761349776),
	(146, 'user', 'user@online', '[]', '127.0.0.1', 'GET', 200, 1761349861, 353, 1, 1761349862),
	(147, 'user', 'user@online', '[]', '127.0.0.1', 'GET', 200, 1761349922, 289, 1, 1761349922),
	(148, 'user', 'user@online', '[]', '127.0.0.1', 'GET', 200, 1761350010, 238, 1, 1761350011),
	(149, 'permissions', 'permissions@index', '[]', '127.0.0.1', 'GET', 200, 1761350046, 518, 1, 1761350046),
	(150, 'permissions', 'permissions@index', '[]', '127.0.0.1', 'GET', 200, 1761350049, 180, 1, 1761350049),
	(151, 'common', 'option@index', '[]', '127.0.0.1', 'GET', 200, 1761350049, 182, 1, 1761350049),
	(152, 'permissions', 'permissions@show', '[]', '127.0.0.1', 'GET', 200, 1761350049, 201, 1, 1761350049),
	(153, 'common', 'option@index', '[]', '127.0.0.1', 'GET', 200, 1761350049, 215, 1, 1761350049),
	(154, 'common', 'option@index', '{"module":"purchase","controller":null}', '127.0.0.1', 'GET', 200, 1761350049, 325, 1, 1761350049),
	(155, 'permissions', 'permissions@update', '{"id":37,"parent_id":0,"permission_name":"采购管理","route":"\\/purchase","icon":"briefcase","module":"purchase","permission_mark":null,"component":"\\/layout\\/index.vue","redirect":null,"keepalive":1,"type":1,"hidden":1,"sort":1,"active_menu":null,"creator_id":1,"created_at":"2025-10-24 22:19","updated_at":"2025-10-24 22:21"}', '127.0.0.1', 'PUT', 200, 1761350058, 335, 1, 1761350058),
	(156, 'permissions', 'permissions@index', '[]', '127.0.0.1', 'GET', 200, 1761350058, 271, 1, 1761350058),
	(157, 'permissions', 'permissions@show', '[]', '127.0.0.1', 'GET', 200, 1761350061, 220, 1, 1761350061),
	(158, 'common', 'option@index', '[]', '127.0.0.1', 'GET', 200, 1761350061, 227, 1, 1761350061),
	(159, 'common', 'option@index', '[]', '127.0.0.1', 'GET', 200, 1761350061, 225, 1, 1761350061),
	(160, 'permissions', 'permissions@index', '[]', '127.0.0.1', 'GET', 200, 1761350061, 257, 1, 1761350061),
	(161, 'common', 'option@index', '{"module":"permissions","controller":null}', '127.0.0.1', 'GET', 200, 1761350061, 391, 1, 1761350061),
	(162, 'permissions', 'permissions@update', '{"id":1,"parent_id":0,"permission_name":"权限管理","route":"\\/permission","icon":"arrow-down-on-square-stack","module":"permissions","permission_mark":null,"component":"\\/layout\\/index.vue","redirect":null,"keepalive":1,"type":1,"hidden":1,"sort":3,"active_menu":null,"creator_id":0,"created_at":"2022-12-09 17:58","updated_at":"2023-01-04 10:08"}', '127.0.0.1', 'PUT', 200, 1761350063, 219, 1, 1761350063),
	(163, 'permissions', 'permissions@index', '[]', '127.0.0.1', 'GET', 200, 1761350063, 404, 1, 1761350064),
	(164, 'user', 'user@online', '[]', '127.0.0.1', 'GET', 200, 1761350067, 306, 1, 1761350067),
	(165, 'permissions', 'permissions@index', '[]', '127.0.0.1', 'GET', 200, 1761350067, 398, 1, 1761350068),
	(166, 'user', 'user@online', '[]', '127.0.0.1', 'GET', 200, 1761350171, 399, 1, 1761350171),
	(167, 'user', 'user@online', '[]', '127.0.0.1', 'GET', 200, 1761350173, 356, 1, 1761350173),
	(168, 'user', 'user@online', '[]', '127.0.0.1', 'GET', 200, 1761350174, 396, 1, 1761350175),
	(169, 'permissions', 'permissions@index', '[]', '127.0.0.1', 'GET', 200, 1761350175, 437, 1, 1761350176),
	(170, 'user', 'user@online', '[]', '127.0.0.1', 'GET', 200, 1761350194, 227, 1, 1761350195),
	(171, 'permissions', 'permissions@index', '[]', '127.0.0.1', 'GET', 200, 1761350195, 203, 1, 1761350195),
	(172, 'user', 'user@online', '[]', '127.0.0.1', 'GET', 200, 1761350197, 274, 1, 1761350198),
	(173, 'permissions', 'permissions@index', '[]', '127.0.0.1', 'GET', 200, 1761350198, 295, 1, 1761350199),
	(174, 'user', 'user@online', '[]', '127.0.0.1', 'GET', 200, 1761350201, 311, 1, 1761350201),
	(175, 'permissions', 'permissions@index', '[]', '127.0.0.1', 'GET', 200, 1761350201, 271, 1, 1761350202),
	(176, 'user', 'user@online', '[]', '127.0.0.1', 'GET', 200, 1761350231, 305, 1, 1761350231),
	(177, 'permissions', 'permissions@index', '[]', '127.0.0.1', 'GET', 200, 1761350231, 287, 1, 1761350232),
	(178, 'user', 'user@online', '[]', '127.0.0.1', 'GET', 200, 1761350245, 300, 1, 1761350246),
	(179, 'permissions', 'permissions@index', '[]', '127.0.0.1', 'GET', 200, 1761350246, 265, 1, 1761350246),
	(180, 'user', 'user@online', '[]', '127.0.0.1', 'GET', 200, 1761350307, 329, 1, 1761350308),
	(181, 'permissions', 'permissions@index', '[]', '127.0.0.1', 'GET', 200, 1761350308, 395, 1, 1761350308),
	(182, 'permissions', 'departments@index', '[]', '127.0.0.1', 'GET', 200, 1761350345, 166, 1, 1761350345),
	(183, 'common', 'option@index', '[]', '127.0.0.1', 'GET', 200, 1761350345, 205, 1, 1761350345),
	(184, 'user', 'user@index', '{"page":"1","limit":"10"}', '127.0.0.1', 'GET', 200, 1761350345, 225, 1, 1761350345),
	(185, 'permissions', 'departments@index', '[]', '127.0.0.1', 'GET', 200, 1761350347, 346, 1, 1761350347),
	(186, 'user', 'user@show', '[]', '127.0.0.1', 'GET', 200, 1761350347, 368, 1, 1761350347),
	(187, 'permissions', 'roles@index', '[]', '127.0.0.1', 'GET', 200, 1761350347, 366, 1, 1761350347),
	(188, 'permissions', 'jobs@index', '[]', '127.0.0.1', 'GET', 200, 1761350347, 367, 1, 1761350347),
	(189, 'permissions', 'roles@index', '[]', '127.0.0.1', 'GET', 200, 1761350387, 335, 1, 1761350388),
	(190, 'permissions', 'jobs@index', '{"page":"1","limit":"10"}', '127.0.0.1', 'GET', 200, 1761350392, 165, 1, 1761350393),
	(191, 'permissions', 'departments@index', '[]', '127.0.0.1', 'GET', 200, 1761350394, 291, 1, 1761350394),
	(192, 'user', 'user@online', '[]', '127.0.0.1', 'GET', 200, 1761350469, 421, 1, 1761350470),
	(193, 'permissions', 'permissions@index', '[]', '127.0.0.1', 'GET', 200, 1761350487, 377, 1, 1761350488),
	(194, 'common', 'option@index', '[]', '127.0.0.1', 'GET', 200, 1761350497, 178, 1, 1761350497),
	(195, 'permissions', 'permissions@index', '[]', '127.0.0.1', 'GET', 200, 1761350497, 207, 1, 1761350497),
	(196, 'common', 'option@index', '[]', '127.0.0.1', 'GET', 200, 1761350497, 232, 1, 1761350497),
	(197, 'permissions', 'permissions@show', '[]', '127.0.0.1', 'GET', 200, 1761350497, 233, 1, 1761350497),
	(198, 'common', 'option@index', '{"module":"permissions","controller":null}', '127.0.0.1', 'GET', 200, 1761350497, 310, 1, 1761350497),
	(199, 'common', 'option@index', '[]', '127.0.0.1', 'GET', 200, 1761350502, 170, 1, 1761350502),
	(200, 'permissions', 'permissions@show', '[]', '127.0.0.1', 'GET', 200, 1761350502, 175, 1, 1761350502),
	(201, 'common', 'option@index', '[]', '127.0.0.1', 'GET', 200, 1761350502, 180, 1, 1761350502),
	(202, 'permissions', 'permissions@index', '[]', '127.0.0.1', 'GET', 200, 1761350502, 200, 1, 1761350502),
	(203, 'common', 'option@index', '[]', '127.0.0.1', 'GET', 200, 1761350515, 167, 1, 1761350515),
	(204, 'common', 'option@index', '[]', '127.0.0.1', 'GET', 200, 1761350515, 181, 1, 1761350515),
	(205, 'permissions', 'permissions@show', '[]', '127.0.0.1', 'GET', 200, 1761350515, 187, 1, 1761350515),
	(206, 'permissions', 'permissions@index', '[]', '127.0.0.1', 'GET', 200, 1761350515, 196, 1, 1761350515),
	(207, 'common', 'option@index', '{"module":"purchase","controller":null}', '127.0.0.1', 'GET', 200, 1761350515, 263, 1, 1761350516),
	(208, 'common', 'option@index', '[]', '127.0.0.1', 'GET', 200, 1761350524, 180, 1, 1761350525),
	(209, 'common', 'option@index', '[]', '127.0.0.1', 'GET', 200, 1761350524, 181, 1, 1761350525),
	(210, 'permissions', 'permissions@index', '[]', '127.0.0.1', 'GET', 200, 1761350524, 183, 1, 1761350525),
	(211, 'permissions', 'permissions@store', '{"parent_id":38,"actions":true}', '127.0.0.1', 'POST', 200, 1761350528, 320, 1, 1761350528),
	(212, 'permissions', 'permissions@index', '[]', '127.0.0.1', 'GET', 200, 1761350528, 422, 1, 1761350529),
	(213, 'user', 'user@online', '[]', '127.0.0.1', 'GET', 200, 1761350555, 245, 1, 1761350555),
	(214, 'permissions', 'roles@index', '[]', '127.0.0.1', 'GET', 200, 1761350565, 333, 1, 1761350565),
	(215, 'user', 'user@online', '[]', '127.0.0.1', 'GET', 200, 1761350656, 477, 1, 1761350657),
	(216, 'permissions', 'roles@index', '[]', '127.0.0.1', 'GET', 200, 1761350662, 327, 1, 1761350662),
	(217, 'permissions', 'permissions@index', '[]', '127.0.0.1', 'GET', 200, 1761350666, 481, 1, 1761350666),
	(218, 'common', 'option@index', '[]', '127.0.0.1', 'GET', 200, 1761350668, 168, 1, 1761350669),
	(219, 'common', 'option@index', '[]', '127.0.0.1', 'GET', 200, 1761350668, 186, 1, 1761350669),
	(220, 'permissions', 'permissions@index', '[]', '127.0.0.1', 'GET', 200, 1761350668, 199, 1, 1761350669),
	(221, 'permissions', 'permissions@show', '[]', '127.0.0.1', 'GET', 200, 1761350668, 223, 1, 1761350669),
	(222, 'common', 'option@index', '[]', '127.0.0.1', 'GET', 200, 1761350674, 174, 1, 1761350674),
	(223, 'common', 'option@index', '[]', '127.0.0.1', 'GET', 200, 1761350674, 184, 1, 1761350674),
	(224, 'permissions', 'permissions@index', '[]', '127.0.0.1', 'GET', 200, 1761350674, 189, 1, 1761350674),
	(225, 'permissions', 'permissions@show', '[]', '127.0.0.1', 'GET', 200, 1761350674, 198, 1, 1761350674),
	(226, 'permissions', 'permissions@update', '{"id":39,"parent_id":38,"permission_name":"列表","route":null,"icon":null,"module":"purchase","permission_mark":"index","component":null,"redirect":null,"keepalive":1,"type":3,"hidden":1,"sort":1,"active_menu":null,"creator_id":1,"created_at":"2025-10-25 08:02","updated_at":"2025-10-25 08:02"}', '127.0.0.1', 'PUT', 200, 1761350678, 289, 1, 1761350678),
	(227, 'permissions', 'permissions@index', '[]', '127.0.0.1', 'GET', 200, 1761350679, 363, 1, 1761350679),
	(228, 'user', 'user@online', '[]', '127.0.0.1', 'GET', 200, 1761350783, 456, 1, 1761350784),
	(229, 'permissions', 'permissions@index', '[]', '127.0.0.1', 'GET', 200, 1761350784, 523, 1, 1761350785),
	(230, 'permissions', 'roles@index', '[]', '127.0.0.1', 'GET', 200, 1761350788, 398, 1, 1761350788),
	(231, 'common', 'option@index', '[]', '127.0.0.1', 'GET', 200, 1761350916, 218, 1, 1761350916),
	(232, 'common', 'option@index', '[]', '127.0.0.1', 'GET', 200, 1761350916, 232, 1, 1761350916),
	(233, 'permissions', 'permissions@show', '[]', '127.0.0.1', 'GET', 200, 1761350916, 247, 1, 1761350916),
	(234, 'permissions', 'permissions@index', '[]', '127.0.0.1', 'GET', 200, 1761350916, 259, 1, 1761350916),
	(235, 'common', 'option@index', '{"module":"purchase"}', '127.0.0.1', 'GET', 200, 1761350916, 188, 1, 1761350916),
	(236, 'common', 'option@index', '{"module":"purchase","controller":"Purchase"}', '127.0.0.1', 'GET', 200, 1761350916, 191, 1, 1761350916),
	(237, 'permissions', 'permissions@update', '{"id":38,"parent_id":37,"permission_name":"采购单管理","route":"purchase","icon":"clipboard-document-check","module":"purchase","permission_mark":"Purchase","component":"\\/purchase\\/purchase\\/index.vue","redirect":null,"keepalive":1,"type":2,"hidden":1,"sort":1,"active_menu":null,"creator_id":1,"created_at":"2025-10-24 22:23","updated_at":"2025-10-24 22:23"}', '127.0.0.1', 'PUT', 200, 1761350924, 181, 1, 1761350925),
	(238, 'common', 'option@index', '{"module":"purchase"}', '127.0.0.1', 'GET', 200, 1761350924, 190, 1, 1761350925),
	(239, 'common', 'option@index', '{"module":"purchase"}', '127.0.0.1', 'GET', 200, 1761350925, 173, 1, 1761350925),
	(240, 'permissions', 'permissions@index', '[]', '127.0.0.1', 'GET', 200, 1761350925, 183, 1, 1761350925),
	(241, 'user', 'user@online', '[]', '127.0.0.1', 'GET', 200, 1761350927, 211, 1, 1761350927),
	(242, 'permissions', 'permissions@index', '[]', '127.0.0.1', 'GET', 200, 1761350928, 303, 1, 1761350928),
	(243, 'permissions', 'roles@index', '[]', '127.0.0.1', 'GET', 200, 1761350932, 296, 1, 1761350932),
	(244, 'user', 'user@online', '[]', '127.0.0.1', 'GET', 200, 1761376309, 205, 1, 1761376310),
	(245, 'permissions', 'roles@index', '[]', '127.0.0.1', 'GET', 200, 1761376316, 222, 1, 1761376316),
	(246, 'permissions', 'permissions@index', '[]', '127.0.0.1', 'GET', 200, 1761376317, 178, 1, 1761376318),
	(247, 'permissions', 'jobs@index', '{"page":"1","limit":"10"}', '127.0.0.1', 'GET', 200, 1761376318, 176, 1, 1761376318),
	(248, 'common', 'option@index', '[]', '127.0.0.1', 'GET', 200, 1761376319, 203, 1, 1761376319),
	(249, 'user', 'user@index', '{"page":"1","limit":"10"}', '127.0.0.1', 'GET', 200, 1761376319, 239, 1, 1761376320),
	(250, 'permissions', 'departments@index', '[]', '127.0.0.1', 'GET', 200, 1761376320, 176, 1, 1761376320),
	(251, 'user', 'user@show', '[]', '127.0.0.1', 'GET', 200, 1761376321, 300, 1, 1761376322),
	(252, 'permissions', 'departments@index', '[]', '127.0.0.1', 'GET', 200, 1761376322, 250, 1, 1761376322),
	(253, 'permissions', 'jobs@index', '[]', '127.0.0.1', 'GET', 200, 1761376322, 312, 1, 1761376322),
	(254, 'permissions', 'roles@index', '[]', '127.0.0.1', 'GET', 200, 1761376322, 134, 1, 1761376322),
	(255, 'permissions', 'departments@index', '[]', '127.0.0.1', 'GET', 200, 1761376340, 225, 1, 1761376340),
	(256, 'permissions', 'jobs@index', '[]', '127.0.0.1', 'GET', 200, 1761376340, 244, 1, 1761376341),
	(257, 'permissions', 'roles@index', '[]', '127.0.0.1', 'GET', 200, 1761376341, 153, 1, 1761376341),
	(258, 'common', 'option@index', '[]', '127.0.0.1', 'GET', 200, 1761376360, 229, 1, 1761376360),
	(259, 'permissions', 'permissions@index', '{"from":"role"}', '127.0.0.1', 'GET', 200, 1761376360, 235, 1, 1761376360),
	(260, 'permissions', 'roles@index', '{"id":null}', '127.0.0.1', 'GET', 200, 1761376360, 193, 1, 1761376360),
	(261, 'permissions', 'departments@index', '[]', '127.0.0.1', 'GET', 200, 1761376360, 196, 1, 1761376360),
	(262, 'permissions', 'roles@store', '{"role_name":"采购","identify":"purchase","permissions":[1,10,11,12,13,14,15,16,17,18,19,2,20,21,22,23,24,25,26,27,28,29,3,30,31,32,33,34,35,36,37,38,39,4,40,41,42,43,5,6,7,8,9],"data_range":1,"parent_id":0}', '127.0.0.1', 'POST', 200, 1761376386, 198, 1, 1761376386),
	(263, 'permissions', 'roles@index', '[]', '127.0.0.1', 'GET', 200, 1761376386, 148, 1, 1761376386),
	(264, 'permissions', 'jobs@store', '{"status":1,"sort":1,"job_name":"采购主管","coding":"purchase001"}', '127.0.0.1', 'POST', 200, 1761376415, 149, 1, 1761376415),
	(265, 'permissions', 'jobs@index', '{"page":"1","limit":"10"}', '127.0.0.1', 'GET', 200, 1761376415, 134, 1, 1761376415),
	(266, 'permissions', 'departments@index', '[]', '127.0.0.1', 'GET', 200, 1761376421, 129, 1, 1761376421),
	(267, 'permissions', 'departments@index', '[]', '127.0.0.1', 'GET', 200, 1761376422, 139, 1, 1761376422),
	(268, 'permissions', 'departments@store', '{"sort":1,"department_name":"采购部","parent_id":0}', '127.0.0.1', 'POST', 200, 1761376432, 143, 1, 1761376432),
	(269, 'permissions', 'departments@index', '[]', '127.0.0.1', 'GET', 200, 1761376432, 142, 1, 1761376432),
	(270, 'permissions', 'jobs@show', '[]', '127.0.0.1', 'GET', 200, 1761376435, 134, 1, 1761376435),
	(271, 'permissions', 'roles@index', '{"id":"1"}', '127.0.0.1', 'GET', 200, 1761376439, 197, 1, 1761376439),
	(272, 'permissions', 'roles@show', '[]', '127.0.0.1', 'GET', 200, 1761376439, 213, 1, 1761376439),
	(273, 'common', 'option@index', '[]', '127.0.0.1', 'GET', 200, 1761376439, 256, 1, 1761376439),
	(274, 'permissions', 'departments@index', '[]', '127.0.0.1', 'GET', 200, 1761376439, 275, 1, 1761376439),
	(275, 'permissions', 'permissions@index', '{"from":"role"}', '127.0.0.1', 'GET', 200, 1761376439, 242, 1, 1761376439),
	(276, 'permissions', 'jobs@index', '[]', '127.0.0.1', 'GET', 200, 1761376442, 247, 1, 1761376443),
	(277, 'permissions', 'departments@index', '[]', '127.0.0.1', 'GET', 200, 1761376442, 259, 1, 1761376443),
	(278, 'permissions', 'roles@index', '[]', '127.0.0.1', 'GET', 200, 1761376442, 332, 1, 1761376443),
	(279, 'user', 'user@store', '{"username":"test","email":"test@qq.com","password":"Aa123456","roles":[1],"department_id":1,"jobs":[1]}', '127.0.0.1', 'POST', 200, 1761376467, 252, 1, 1761376467),
	(280, 'user', 'user@index', '{"page":"1","limit":"10"}', '127.0.0.1', 'GET', 200, 1761376467, 140, 1, 1761376467),
	(281, 'user', 'user@online', '[]', '127.0.0.1', 'GET', 200, 1761376496, 180, 1, 1761376496),
	(282, 'purchase', 'purchase@index', '[]', '127.0.0.1', 'GET', 200, 1761376498, 140, 1, 1761376498),
	(283, 'permissions', 'roles@index', '[]', '127.0.0.1', 'GET', 200, 1761376668, 153, 1, 1761376669),
	(284, 'common', 'option@index', '[]', '127.0.0.1', 'GET', 200, 1761376669, 292, 1, 1761376669),
	(285, 'permissions', 'departments@index', '[]', '127.0.0.1', 'GET', 200, 1761376669, 232, 1, 1761376669),
	(286, 'user', 'user@index', '{"page":"1","limit":"10"}', '127.0.0.1', 'GET', 200, 1761376669, 285, 1, 1761376670),
	(287, 'permissions', 'jobs@index', '[]', '127.0.0.1', 'GET', 200, 1761376672, 271, 1, 1761376672),
	(288, 'user', 'user@show', '[]', '127.0.0.1', 'GET', 200, 1761376672, 298, 1, 1761376672),
	(289, 'permissions', 'departments@index', '[]', '127.0.0.1', 'GET', 200, 1761376672, 337, 1, 1761376672),
	(290, 'permissions', 'roles@index', '[]', '127.0.0.1', 'GET', 200, 1761376672, 142, 1, 1761376672),
	(291, 'permissions', 'jobs@index', '[]', '127.0.0.1', 'GET', 200, 1761376679, 338, 1, 1761376679),
	(292, 'user', 'user@show', '[]', '127.0.0.1', 'GET', 200, 1761376679, 273, 1, 1761376679),
	(293, 'permissions', 'departments@index', '[]', '127.0.0.1', 'GET', 200, 1761376679, 297, 1, 1761376679),
	(294, 'permissions', 'roles@index', '[]', '127.0.0.1', 'GET', 200, 1761376679, 130, 1, 1761376679),
	(295, 'permissions', 'permissions@index', '[]', '127.0.0.1', 'GET', 200, 1761376683, 145, 1, 1761376684),
	(296, 'permissions', 'jobs@index', '{"page":"1","limit":"10"}', '127.0.0.1', 'GET', 200, 1761376685, 149, 1, 1761376685),
	(297, 'permissions', 'departments@index', '[]', '127.0.0.1', 'GET', 200, 1761376685, 129, 1, 1761376685),
	(298, 'permissions', 'departments@index', '[]', '127.0.0.1', 'GET', 200, 1761376692, 393, 1, 1761376692),
	(299, 'user', 'user@show', '[]', '127.0.0.1', 'GET', 200, 1761376692, 411, 1, 1761376692),
	(300, 'permissions', 'jobs@index', '[]', '127.0.0.1', 'GET', 200, 1761376692, 416, 1, 1761376692),
	(301, 'permissions', 'roles@index', '[]', '127.0.0.1', 'GET', 200, 1761376692, 407, 1, 1761376692),
	(302, 'user', 'user@index', '{"page":"1","limit":"10","department_id":"1"}', '127.0.0.1', 'GET', 200, 1761376698, 140, 1, 1761376698),
	(303, 'user', 'user@index', '{"page":"1","limit":"10","department_id":"1"}', '127.0.0.1', 'GET', 200, 1761376699, 141, 1, 1761376699),
	(304, 'user', 'user@index', '{"page":"1","limit":"10","department_id":"1"}', '127.0.0.1', 'GET', 200, 1761376699, 138, 1, 1761376699),
	(305, 'user', 'user@show', '[]', '127.0.0.1', 'GET', 200, 1761376701, 391, 1, 1761376701),
	(306, 'permissions', 'departments@index', '[]', '127.0.0.1', 'GET', 200, 1761376701, 304, 1, 1761376701),
	(307, 'permissions', 'jobs@index', '[]', '127.0.0.1', 'GET', 200, 1761376701, 358, 1, 1761376701),
	(308, 'permissions', 'roles@index', '[]', '127.0.0.1', 'GET', 200, 1761376701, 376, 1, 1761376701),
	(309, 'permissions', 'jobs@index', '[]', '127.0.0.1', 'GET', 200, 1761376705, 268, 1, 1761376705),
	(310, 'permissions', 'roles@index', '[]', '127.0.0.1', 'GET', 200, 1761376705, 221, 1, 1761376705),
	(311, 'permissions', 'departments@index', '[]', '127.0.0.1', 'GET', 200, 1761376705, 267, 1, 1761376706),
	(312, 'common', 'option@index', '[]', '127.0.0.1', 'GET', 200, 1761376711, 395, 1, 1761376711),
	(313, 'permissions', 'roles@show', '[]', '127.0.0.1', 'GET', 200, 1761376711, 407, 1, 1761376711),
	(314, 'permissions', 'departments@index', '[]', '127.0.0.1', 'GET', 200, 1761376711, 403, 1, 1761376711),
	(315, 'permissions', 'roles@index', '{"id":"1"}', '127.0.0.1', 'GET', 200, 1761376711, 416, 1, 1761376711),
	(316, 'permissions', 'permissions@index', '{"from":"role"}', '127.0.0.1', 'GET', 200, 1761376711, 136, 1, 1761376711),
	(317, 'permissions', 'jobs@show', '[]', '127.0.0.1', 'GET', 200, 1761376716, 128, 1, 1761376716),
	(318, 'permissions', 'departments@index', '[]', '127.0.0.1', 'GET', 200, 1761376718, 197, 1, 1761376719),
	(319, 'permissions', 'departments@show', '[]', '127.0.0.1', 'GET', 200, 1761376718, 203, 1, 1761376719),
	(320, 'user', 'user@index', '{"page":"1","limit":"10","department_id":"1"}', '127.0.0.1', 'GET', 200, 1761376722, 155, 1, 1761376722),
	(321, 'user', 'user@show', '[]', '127.0.0.1', 'GET', 200, 1761376724, 355, 1, 1761376724),
	(322, 'permissions', 'jobs@index', '[]', '127.0.0.1', 'GET', 200, 1761376724, 353, 1, 1761376724),
	(323, 'permissions', 'roles@index', '[]', '127.0.0.1', 'GET', 200, 1761376724, 360, 1, 1761376724),
	(324, 'permissions', 'departments@index', '[]', '127.0.0.1', 'GET', 200, 1761376724, 371, 1, 1761376724),
	(325, 'permissions', 'permissions@index', '{"from":"role"}', '127.0.0.1', 'GET', 200, 1761376737, 276, 1, 1761376737),
	(326, 'permissions', 'roles@index', '{"id":null}', '127.0.0.1', 'GET', 200, 1761376737, 260, 1, 1761376738),
	(327, 'common', 'option@index', '[]', '127.0.0.1', 'GET', 200, 1761376737, 323, 1, 1761376738),
	(328, 'permissions', 'departments@index', '[]', '127.0.0.1', 'GET', 200, 1761376738, 139, 1, 1761376738),
	(329, 'user', 'user@online', '[]', '127.0.0.1', 'GET', 200, 1761376763, 157, 1, 1761376763),
	(330, 'permissions', 'roles@index', '[]', '127.0.0.1', 'GET', 200, 1761376768, 146, 1, 1761376769),
	(331, 'purchase', 'purchase@index', '[]', '127.0.0.1', 'GET', 200, 1761376770, 142, 1, 1761376770),
	(332, 'user', 'user@online', '[]', '127.0.0.1', 'GET', 200, 1761377608, 154, 1, 1761377608),
	(333, 'purchase', 'purchase@index', '[]', '127.0.0.1', 'GET', 200, 1761377623, 150, 1, 1761377624),
	(334, 'permissions', 'permissions@show', '[]', '127.0.0.1', 'GET', 200, 1761393996, 230, 1, 1761393996),
	(335, 'common', 'option@index', '[]', '127.0.0.1', 'GET', 200, 1761393996, 238, 1, 1761393996),
	(336, 'common', 'option@index', '[]', '127.0.0.1', 'GET', 200, 1761393996, 272, 1, 1761393996),
	(337, 'common', 'option@index', '{"module":"purchase","controller":"Purchase"}', '127.0.0.1', 'GET', 200, 1761393996, 234, 1, 1761393996),
	(338, 'permissions', 'permissions@index', '[]', '127.0.0.1', 'GET', 200, 1761393996, 380, 1, 1761393996),
	(339, 'common', 'option@index', '{"module":"purchase"}', '127.0.0.1', 'GET', 200, 1761393996, 146, 1, 1761393996),
	(340, 'purchase', 'purchase@index', '[]', '127.0.0.1', 'GET', 200, 1761402354, 155, 1, 1761402354),
	(341, 'user', 'user@online', '[]', '127.0.0.1', 'GET', 200, 1761440223, 142, 1, 1761440223),
	(342, 'purchase', 'purchase@index', '[]', '127.0.0.1', 'GET', 200, 1761440230, 133, 1, 1761440230),
	(343, 'permissions', 'permissions@index', '[]', '127.0.0.1', 'GET', 200, 1761440252, 167, 1, 1761440252),
	(344, 'permissions', 'departments@index', '[]', '127.0.0.1', 'GET', 200, 1761440257, 147, 1, 1761440257),
	(345, 'permissions', 'jobs@index', '{"page":"1","limit":"10"}', '127.0.0.1', 'GET', 200, 1761440259, 133, 1, 1761440259),
	(346, 'common', 'option@index', '[]', '127.0.0.1', 'GET', 200, 1761440261, 188, 1, 1761440261),
	(347, 'user', 'user@index', '{"page":"1","limit":"10"}', '127.0.0.1', 'GET', 200, 1761440261, 206, 1, 1761440261),
	(348, 'permissions', 'departments@index', '[]', '127.0.0.1', 'GET', 200, 1761440261, 121, 1, 1761440261),
	(349, 'user', 'user@online', '[]', '127.0.0.1', 'GET', 200, 1761443960, 147, 1, 1761443960),
	(350, 'purchase', 'purchase@index', '[]', '127.0.0.1', 'GET', 200, 1761443960, 141, 1, 1761443961),
	(351, 'user', 'user@online', '[]', '127.0.0.1', 'GET', 200, 1761657786, 405, 1, 1761657786),
	(352, 'develop', 'module@index', '{"page":"1","limit":"10"}', '127.0.0.1', 'GET', 200, 1761657807, 110, 1, 1761657807),
	(353, 'develop', 'schema@index', '{"page":"1","limit":"10"}', '127.0.0.1', 'GET', 200, 1761657807, 307, 1, 1761657808),
	(354, 'user', 'user@online', '[]', '127.0.0.1', 'GET', 200, 1761669958, 11348, 1, 1761669970),
	(355, 'user', 'user@online', '[]', '127.0.0.1', 'GET', 200, 1761670014, 139, 1, 1761670014),
	(356, 'develop', 'module@index', '{"page":"1","limit":"10"}', '127.0.0.1', 'GET', 200, 1761692854, 151, 1, 1761692855),
	(357, 'user', 'user@online', '[]', '127.0.0.1', 'GET', 200, 1761693640, 222, 1, 1761693640),
	(358, 'purchase', 'purchase@index', '[]', '127.0.0.1', 'GET', 200, 1761693644, 254, 1, 1761693645),
	(359, 'permissions', 'roles@index', '[]', '127.0.0.1', 'GET', 200, 1761693646, 109, 1, 1761693646),
	(360, 'develop', 'module@index', '{"page":"1","limit":"10"}', '127.0.0.1', 'GET', 200, 1761693652, 109, 1, 1761693652),
	(361, 'develop', 'schema@index', '{"page":"1","limit":"10"}', '127.0.0.1', 'GET', 200, 1761693653, 373, 1, 1761693654),
	(362, 'purchase', 'purchase@index', '[]', '127.0.0.1', 'GET', 200, 1761693838, 115, 1, 1761693838),
	(363, 'user', 'user@online', '[]', '127.0.0.1', 'GET', 200, 1761693866, 164, 1, 1761693866),
	(364, 'purchase', 'purchase@index', '[]', '127.0.0.1', 'GET', 200, 1761693866, 173, 1, 1761693866),
	(365, 'user', 'user@online', '[]', '127.0.0.1', 'GET', 200, 1761693866, 136, 1, 1761693866),
	(366, 'purchase', 'purchase@index', '[]', '127.0.0.1', 'GET', 200, 1761693867, 107, 1, 1761693867),
	(367, 'develop', 'module@index', '{"page":"1","limit":"10"}', '127.0.0.1', 'GET', 200, 1761693872, 138, 1, 1761693872),
	(368, 'develop', 'schema@index', '{"page":"1","limit":"10"}', '127.0.0.1', 'GET', 200, 1761693873, 143, 1, 1761693873),
	(369, 'common', 'option@index', '[]', '127.0.0.1', 'GET', 200, 1761693875, 95, 1, 1761693875),
	(370, 'develop', 'schema@index', '{"page":"1","limit":"10"}', '127.0.0.1', 'GET', 200, 1761693916, 129, 1, 1761693916),
	(371, 'common', 'option@index', '[]', '127.0.0.1', 'GET', 200, 1761693925, 172, 1, 1761693925),
	(372, 'develop', 'schema@store', '{"schema":{"module":"purchase","name":"purchase_order","comment":"采购单","engine":"InnoDB","charset":"utf8mb4","collection":"utf8mb4_unicode_ci","created_at":true,"creator_id":true,"updated_at":true,"deleted_at":true},"structures":[{"id":1,"field":"id","label":null,"type":"id","length":0,"nullable":false,"unique":false,"default":null,"comment":"主键"},{"id":2,"field":"number","label":null,"type":"string","length":25,"nullable":false,"unique":true,"default":null,"comment":"批量采购单号"},{"id":3,"field":"name","label":null,"type":"string","length":255,"nullable":false,"unique":false,"default":null,"comment":"采购单名称"},{"id":4,"field":"biz_id","label":null,"type":"integer","length":0,"nullable":false,"unique":false,"default":null,"comment":"业务id"},{"id":5,"field":"status","label":null,"type":"smallInteger","length":1,"nullable":false,"unique":false,"default":null,"comment":"采购单状态"},{"id":6,"field":"status","label":null,"type":"smallInteger","length":1,"nullable":false,"unique":false,"default":null,"comment":"采购单状态"}],"is_finished":false}', '127.0.0.1', 'POST', 200, 1761694192, 879, 1, 1761694193),
	(373, 'develop', 'schema@store', '{"schema":{"module":"purchase","name":"purchase_order","comment":"采购单","engine":"InnoDB","charset":"utf8mb4","collection":"utf8mb4_unicode_ci","created_at":true,"creator_id":true,"updated_at":true,"deleted_at":true},"structures":[{"id":1,"field":"id","label":null,"type":"id","length":0,"nullable":false,"unique":false,"default":null,"comment":"主键"},{"id":2,"field":"number","label":null,"type":"string","length":25,"nullable":false,"unique":true,"default":null,"comment":"批量采购单号"},{"id":3,"field":"name","label":null,"type":"string","length":255,"nullable":false,"unique":false,"default":null,"comment":"采购单名称"},{"id":4,"field":"biz_id","label":null,"type":"integer","length":0,"nullable":false,"unique":false,"default":null,"comment":"业务id"},{"id":5,"field":"status","label":null,"type":"smallInteger","length":1,"nullable":false,"unique":false,"default":null,"comment":"采购单状态"},{"id":6,"field":"status","label":null,"type":"smallInteger","length":1,"nullable":false,"unique":false,"default":null,"comment":"采购单状态"}],"is_finished":false}', '127.0.0.1', 'POST', 200, 1761694193, 130, 1, 1761694193),
	(374, 'develop', 'schema@store', '{"schema":{"module":"purchase","name":"purchase_order","comment":"采购单","engine":"InnoDB","charset":"utf8mb4","collection":"utf8mb4_unicode_ci","created_at":true,"creator_id":true,"updated_at":true,"deleted_at":true},"structures":[{"id":1,"field":"id","label":null,"type":"id","length":0,"nullable":false,"unique":false,"default":null,"comment":"主键"},{"id":2,"field":"number","label":null,"type":"string","length":25,"nullable":false,"unique":true,"default":null,"comment":"批量采购单号"},{"id":3,"field":"name","label":null,"type":"string","length":255,"nullable":false,"unique":false,"default":null,"comment":"采购单名称"},{"id":4,"field":"biz_id","label":null,"type":"integer","length":0,"nullable":false,"unique":false,"default":null,"comment":"业务id"},{"id":5,"field":"status","label":null,"type":"smallInteger","length":1,"nullable":false,"unique":false,"default":null,"comment":"采购单状态"},{"id":6,"field":"status","label":null,"type":"smallInteger","length":1,"nullable":false,"unique":false,"default":null,"comment":"采购单状态"}],"is_finished":false}', '127.0.0.1', 'POST', 200, 1761694193, 128, 1, 1761694193),
	(375, 'common', 'option@index', '[]', '127.0.0.1', 'GET', 200, 1761694206, 131, 1, 1761694207),
	(376, 'develop', 'schema@store', '{"schema":{"module":"purchase","name":"purchase_order","comment":"采购单","engine":"InnoDB","charset":"utf8mb4","collection":"utf8mb4_unicode_ci","created_at":true,"creator_id":true,"updated_at":true,"deleted_at":true},"structures":[{"id":1,"field":"id","label":null,"type":"id","length":0,"nullable":false,"unique":false,"default":null,"comment":"主键"},{"id":2,"field":"number","label":null,"type":"string","length":25,"nullable":false,"unique":true,"default":null,"comment":"批量采购单号"},{"id":3,"field":"name","label":null,"type":"string","length":255,"nullable":false,"unique":false,"default":null,"comment":"采购单名称"}],"is_finished":false}', '127.0.0.1', 'POST', 200, 1761694212, 147, 1, 1761694213),
	(377, 'develop', 'schema@index', '{"page":"1","limit":"10"}', '127.0.0.1', 'GET', 200, 1761694213, 96, 1, 1761694213),
	(378, 'develop', 'schema@show', '[]', '127.0.0.1', 'GET', 200, 1761694218, 134, 1, 1761694218),
	(379, 'develop', 'schema@show', '[]', '127.0.0.1', 'GET', 200, 1761694232, 180, 1, 1761694232),
	(380, 'develop', 'schema@show', '[]', '127.0.0.1', 'GET', 200, 1761694243, 123, 1, 1761694244),
	(381, 'common', 'option@index', '[]', '127.0.0.1', 'GET', 200, 1761694243, 131, 1, 1761694244),
	(382, 'develop', 'generate@index', '{"schemaId":"4","structures":[{"field":"id","label":"主键","form_component":"input","list":true,"form":false,"search":false,"search_op":null,"validates":[]},{"field":"number","label":"批量采购单号","form_component":"input","list":true,"form":true,"search":true,"search_op":"like","validates":["required"]},{"field":"name","label":"采购单名称","form_component":"input","list":true,"form":true,"search":true,"search_op":"like","validates":["required"]},{"field":"created_at","label":"created time","form_component":"input","list":true,"form":false,"search":false,"search_op":null,"validates":[]},{"field":"updated_at","label":"updated time","form_component":"input","list":true,"form":false,"search":false,"search_op":null,"validates":[]}],"codeGen":{"module":"purchase","controller":"purchaseOrderController","model":"purchaseOrder","paginate":true,"schema":"purchase_order"}}', '127.0.0.1', 'POST', 200, 1761694288, 160, 1, 1761694288),
	(383, 'user', 'user@online', '[]', '127.0.0.1', 'GET', 200, 1761694292, 120, 1, 1761694292),
	(384, 'common', 'option@index', '[]', '127.0.0.1', 'GET', 200, 1761694293, 128, 1, 1761694293),
	(385, 'develop', 'schema@show', '[]', '127.0.0.1', 'GET', 200, 1761694293, 134, 1, 1761694293),
	(386, 'develop', 'generate@index', '{"schemaId":"4","structures":[{"field":"id","label":"主键","form_component":"input","list":true,"form":false,"search":false,"search_op":null,"validates":[]},{"field":"number","label":"批量采购单号","form_component":"input","list":true,"form":true,"search":false,"search_op":null,"validates":[]},{"field":"name","label":"采购单名称","form_component":"input","list":true,"form":true,"search":false,"search_op":null,"validates":[]},{"field":"created_at","label":"created time","form_component":"input","list":true,"form":false,"search":false,"search_op":null,"validates":[]},{"field":"updated_at","label":"updated time","form_component":"input","list":true,"form":false,"search":false,"search_op":null,"validates":[]}],"codeGen":{"module":"purchase","controller":"purchaseOrderController","model":"purchaseOrder","paginate":true,"schema":"purchase_order"}}', '127.0.0.1', 'POST', 200, 1761694512, 121, 1, 1761694512),
	(387, 'user', 'user@online', '[]', '127.0.0.1', 'GET', 200, 1761694533, 177, 1, 1761694533),
	(388, 'common', 'option@index', '[]', '127.0.0.1', 'GET', 200, 1761694533, 131, 1, 1761694533),
	(389, 'develop', 'schema@show', '[]', '127.0.0.1', 'GET', 200, 1761694533, 133, 1, 1761694533),
	(390, 'purchase', 'purchase@index', '[]', '127.0.0.1', 'GET', 200, 1761694537, 135, 1, 1761694537),
	(391, 'permissions', 'permissions@index', '[]', '127.0.0.1', 'GET', 200, 1761694573, 159, 1, 1761694573),
	(392, 'common', 'option@index', '[]', '127.0.0.1', 'GET', 200, 1761694575, 131, 1, 1761694576),
	(393, 'permissions', 'permissions@show', '[]', '127.0.0.1', 'GET', 200, 1761694575, 136, 1, 1761694576),
	(394, 'common', 'option@index', '[]', '127.0.0.1', 'GET', 200, 1761694575, 127, 1, 1761694576),
	(395, 'permissions', 'permissions@index', '[]', '127.0.0.1', 'GET', 200, 1761694576, 124, 1, 1761694576),
	(396, 'common', 'option@index', '{"module":"purchase","controller":"Purchase"}', '127.0.0.1', 'GET', 200, 1761694576, 154, 1, 1761694576),
	(397, 'common', 'option@index', '{"module":"purchase"}', '127.0.0.1', 'GET', 200, 1761694576, 153, 1, 1761694576),
	(398, 'common', 'option@index', '{"module":"purchase","controller":"Purchase"}', '127.0.0.1', 'GET', 200, 1761694580, 89, 1, 1761694581),
	(399, 'common', 'option@index', '{"module":"purchase"}', '127.0.0.1', 'GET', 200, 1761694585, 110, 1, 1761694585),
	(400, 'permissions', 'permissions@update', '{"id":38,"parent_id":37,"permission_name":"采购单管理","route":"purchase","icon":"clipboard-document-check","module":"purchase","permission_mark":"Purchase","component":"\\/purchase\\\\purchaseOrder\\\\index.vue","redirect":null,"keepalive":1,"type":2,"hidden":1,"sort":1,"active_menu":null,"creator_id":1,"created_at":"2025-10-24 22:23","updated_at":"2025-10-25 08:08"}', '127.0.0.1', 'PUT', 200, 1761694585, 113, 1, 1761694585),
	(401, 'common', 'option@index', '{"module":"purchase"}', '127.0.0.1', 'GET', 200, 1761694585, 89, 1, 1761694585),
	(402, 'permissions', 'permissions@index', '[]', '127.0.0.1', 'GET', 200, 1761694585, 132, 1, 1761694585),
	(403, 'user', 'user@online', '[]', '127.0.0.1', 'GET', 200, 1761694588, 143, 1, 1761694588),
	(404, 'permissions', 'permissions@index', '[]', '127.0.0.1', 'GET', 200, 1761694588, 140, 1, 1761694588),
	(405, 'purchase', 'purchaseorder@index', '{"page":"1","limit":"10"}', '127.0.0.1', 'GET', 200, 1761694592, 109, 1, 1761694592),
	(406, 'purchase', 'purchaseorder@index', '{"page":"1","limit":"10"}', '127.0.0.1', 'GET', 200, 1761694596, 107, 1, 1761694596),
	(407, 'purchase', 'purchaseorder@index', '{"page":"1","limit":"10"}', '127.0.0.1', 'GET', 200, 1761694626, 122, 1, 1761694626),
	(408, 'user', 'user@online', '[]', '127.0.0.1', 'GET', 200, 1761694629, 170, 1, 1761694629),
	(409, 'purchase', 'purchaseorder@index', '{"page":"1","limit":"10"}', '127.0.0.1', 'GET', 200, 1761694629, 165, 1, 1761694629),
	(410, 'purchase', 'purchaseorder@index', '{"page":"1","limit":"10"}', '127.0.0.1', 'GET', 200, 1761694634, 106, 1, 1761694634),
	(411, 'user', 'user@online', '[]', '127.0.0.1', 'GET', 200, 1761694778, 175, 1, 1761694778),
	(412, 'purchase', 'purchaseorder@index', '{"page":"1","limit":"10"}', '127.0.0.1', 'GET', 200, 1761694778, 198, 1, 1761694779),
	(413, 'user', 'user@online', '[]', '127.0.0.1', 'GET', 200, 1761694849, 189, 1, 1761694849),
	(414, 'purchase', 'purchaseorder@index', '{"page":"1","limit":"10"}', '127.0.0.1', 'GET', 200, 1761694849, 158, 1, 1761694849),
	(415, 'purchase', 'purchaseorder@index', '{"page":"1","limit":"10"}', '127.0.0.1', 'GET', 200, 1761694854, 106, 1, 1761694854),
	(416, 'purchase', 'purchaseorder@index', '{"page":"1","limit":"10"}', '127.0.0.1', 'GET', 200, 1761694854, 104, 1, 1761694854),
	(417, 'purchase', 'purchaseorder@index', '{"page":"1","limit":"10"}', '127.0.0.1', 'GET', 200, 1761694855, 104, 1, 1761694856),
	(418, 'purchase', 'purchaseorder@index', '{"page":"1","limit":"10"}', '127.0.0.1', 'GET', 200, 1761694856, 135, 1, 1761694856),
	(419, 'purchase', 'purchaseorder@index', '{"page":"1","limit":"10"}', '127.0.0.1', 'GET', 200, 1761694856, 128, 1, 1761694856),
	(420, 'purchase', 'purchaseorder@index', '{"page":"1","limit":"10"}', '127.0.0.1', 'GET', 200, 1761694856, 83, 1, 1761694856),
	(421, 'permissions', 'roles@index', '[]', '127.0.0.1', 'GET', 200, 1761695032, 150, 1, 1761695033),
	(422, 'common', 'option@index', '[]', '127.0.0.1', 'GET', 200, 1761695034, 107, 1, 1761695034),
	(423, 'user', 'user@index', '{"page":"1","limit":"10"}', '127.0.0.1', 'GET', 200, 1761695034, 123, 1, 1761695034),
	(424, 'permissions', 'departments@index', '[]', '127.0.0.1', 'GET', 200, 1761695034, 155, 1, 1761695034),
	(425, 'common', 'option@index', '[]', '127.0.0.1', 'GET', 200, 1761695082, 172, 1, 1761695082),
	(426, 'common', 'option@index', '[]', '127.0.0.1', 'GET', 200, 1761695173, 149, 1, 1761695174),
	(427, 'user', 'user@online', '[]', '127.0.0.1', 'GET', 200, 1761695179, 173, 1, 1761695179),
	(428, 'permissions', 'departments@index', '[]', '127.0.0.1', 'GET', 200, 1761695179, 124, 1, 1761695179),
	(429, 'common', 'option@index', '[]', '127.0.0.1', 'GET', 200, 1761695179, 172, 1, 1761695179),
	(430, 'user', 'user@index', '{"page":"1","limit":"10"}', '127.0.0.1', 'GET', 200, 1761695179, 171, 1, 1761695179),
	(431, 'common', 'option@index', '[]', '127.0.0.1', 'GET', 200, 1761695184, 126, 1, 1761695184),
	(432, 'purchase', 'purchaseorder@index', '{"page":"1","limit":"10"}', '127.0.0.1', 'GET', 200, 1761695184, 127, 1, 1761695184),
	(433, 'common', 'option@index', '[]', '127.0.0.1', 'GET', 200, 1761695195, 156, 1, 1761695195),
	(434, 'common', 'option@index', '[]', '127.0.0.1', 'GET', 200, 1761695195, 80, 1, 1761695195),
	(435, 'user', 'user@online', '[]', '127.0.0.1', 'GET', 200, 1761695199, 175, 1, 1761695200),
	(436, 'common', 'option@index', '[]', '127.0.0.1', 'GET', 200, 1761695200, 130, 1, 1761695200),
	(437, 'purchase', 'purchaseorder@index', '{"page":"1","limit":"10"}', '127.0.0.1', 'GET', 200, 1761695200, 148, 1, 1761695200),
	(438, 'user', 'user@online', '[]', '127.0.0.1', 'GET', 200, 1761695400, 236, 1, 1761695400),
	(439, 'common', 'option@index', '[]', '127.0.0.1', 'GET', 200, 1761695400, 165, 1, 1761695401),
	(440, 'purchase', 'purchaseorder@index', '{"page":"1","limit":"10"}', '127.0.0.1', 'GET', 200, 1761695400, 167, 1, 1761695401),
	(441, 'common', 'option@index', '[]', '127.0.0.1', 'GET', 200, 1761695498, 163, 1, 1761695498),
	(442, 'common', 'option@index', '[]', '127.0.0.1', 'GET', 200, 1761695499, 92, 1, 1761695499),
	(443, 'common', 'option@index', '[]', '127.0.0.1', 'GET', 200, 1761695563, 190, 1, 1761695563),
	(444, 'common', 'option@index', '[]', '127.0.0.1', 'GET', 200, 1761695563, 98, 1, 1761695563),
	(445, 'common', 'option@index', '[]', '127.0.0.1', 'GET', 200, 1761695589, 147, 1, 1761695589),
	(446, 'common', 'option@index', '[]', '127.0.0.1', 'GET', 200, 1761695589, 100, 1, 1761695589),
	(447, 'common', 'option@index', '[]', '127.0.0.1', 'GET', 200, 1761696041, 104, 1, 1761696041),
	(448, 'common', 'option@index', '[]', '127.0.0.1', 'GET', 200, 1761696041, 115, 1, 1761696041),
	(449, 'common', 'option@index', '[]', '127.0.0.1', 'GET', 200, 1761696061, 170, 1, 1761696061),
	(450, 'common', 'option@index', '[]', '127.0.0.1', 'GET', 200, 1761696061, 127, 1, 1761696061),
	(451, 'common', 'option@index', '[]', '127.0.0.1', 'GET', 200, 1761697602, 158, 1, 1761697602),
	(452, 'common', 'option@index', '[]', '127.0.0.1', 'GET', 200, 1761697602, 105, 1, 1761697602),
	(453, 'common', 'option@index', '[]', '127.0.0.1', 'GET', 200, 1761697647, 126, 1, 1761697647),
	(454, 'common', 'option@index', '[]', '127.0.0.1', 'GET', 200, 1761697647, 112, 1, 1761697647),
	(455, 'common', 'option@index', '[]', '127.0.0.1', 'GET', 200, 1761697667, 142, 1, 1761697668),
	(456, 'common', 'option@index', '[]', '127.0.0.1', 'GET', 200, 1761697668, 150, 1, 1761697668),
	(457, 'common', 'option@index', '[]', '127.0.0.1', 'GET', 200, 1761697672, 121, 1, 1761697673),
	(458, 'common', 'option@index', '[]', '127.0.0.1', 'GET', 200, 1761697673, 104, 1, 1761697673),
	(459, 'common', 'option@index', '[]', '127.0.0.1', 'GET', 200, 1761697689, 152, 1, 1761697689),
	(460, 'common', 'option@index', '[]', '127.0.0.1', 'GET', 200, 1761697689, 148, 1, 1761697689),
	(461, 'user', 'user@online', '[]', '127.0.0.1', 'GET', 200, 1761697692, 144, 1, 1761697692),
	(462, 'common', 'option@index', '[]', '127.0.0.1', 'GET', 200, 1761697692, 143, 1, 1761697693),
	(463, 'purchase', 'purchaseorder@index', '{"page":"1","limit":"10"}', '127.0.0.1', 'GET', 200, 1761697692, 151, 1, 1761697693),
	(464, 'common', 'option@index', '[]', '127.0.0.1', 'GET', 200, 1761697756, 116, 1, 1761697756),
	(465, 'common', 'option@index', '[]', '127.0.0.1', 'GET', 200, 1761697756, 80, 1, 1761697756),
	(466, 'purchase', 'purchaseorder@index', '{"page":"1","limit":"10","created_at":["2025-09-30T16:00:00.000Z","2025-12-30T16:00:00.000Z"],"status":"1","number":"1231123123","name":"123123123123123123123123123"}', '127.0.0.1', 'GET', 200, 1761697843, 152, 1, 1761697843),
	(467, 'purchase', 'purchaseorder@index', '{"page":"1","limit":"10","created_at":["2025-09-30T16:00:00.000Z","2025-12-30T16:00:00.000Z"],"status":"1","number":"1231123123","name":"123123123123123123123123123"}', '127.0.0.1', 'GET', 200, 1761697845, 148, 1, 1761697845),
	(468, 'purchase', 'purchaseorder@index', '{"page":"1","limit":"10","created_at":["2025-09-30T16:00:00.000Z","2025-12-30T16:00:00.000Z"],"status":"1","number":"1231123123","name":"123123123123123123123123123"}', '127.0.0.1', 'GET', 200, 1761697845, 98, 1, 1761697845),
	(469, 'common', 'option@index', '[]', '127.0.0.1', 'GET', 200, 1761713102, 10975, 1, 1761713113),
	(470, 'common', 'option@index', '[]', '127.0.0.1', 'GET', 200, 1761713109, 4370, 1, 1761713113),
	(471, 'common', 'option@index', '[]', '127.0.0.1', 'GET', 200, 1761713215, 169, 1, 1761713215),
	(472, 'common', 'option@index', '[]', '127.0.0.1', 'GET', 200, 1761713216, 160, 1, 1761713216),
	(473, 'user', 'user@online', '[]', '127.0.0.1', 'GET', 200, 1761713308, 429, 1, 1761713309),
	(474, 'common', 'option@index', '[]', '127.0.0.1', 'GET', 200, 1761713309, 200, 1, 1761713309),
	(475, 'purchase', 'purchaseorder@index', '{"page":"1","limit":"10"}', '127.0.0.1', 'GET', 200, 1761713309, 518, 1, 1761713309),
	(476, 'user', 'user@online', '[]', '127.0.0.1', 'GET', 200, 1761713446, 183, 1, 1761713446),
	(477, 'user', 'user@online', '[]', '127.0.0.1', 'GET', 200, 1761713448, 182, 1, 1761713448),
	(478, 'user', 'user@online', '[]', '127.0.0.1', 'GET', 200, 1761713808, 125, 1, 1761713808),
	(479, 'develop', 'schema@index', '{"page":"1","limit":"10"}', '127.0.0.1', 'GET', 200, 1761713808, 136, 1, 1761713808),
	(480, 'user', 'user@online', '[]', '127.0.0.1', 'GET', 200, 1761713811, 118, 1, 1761713812),
	(481, 'purchase', 'purchaseorder@index', '{"page":"1","limit":"10"}', '127.0.0.1', 'GET', 200, 1761713812, 105, 1, 1761713812),
	(482, 'common', 'option@index', '[]', '127.0.0.1', 'GET', 200, 1761713812, 117, 1, 1761713812),
	(483, 'develop', 'schema@index', '{"page":"1","limit":"10"}', '127.0.0.1', 'GET', 200, 1761713819, 105, 1, 1761713819),
	(484, 'common', 'option@index', '[]', '127.0.0.1', 'GET', 200, 1761713820, 123, 1, 1761713820),
	(485, 'user', 'user@online', '[]', '127.0.0.1', 'GET', 200, 1761714053, 108, 1, 1761714053),
	(486, 'develop', 'schema@index', '{"page":"1","limit":"10"}', '127.0.0.1', 'GET', 200, 1761714053, 100, 1, 1761714053),
	(487, 'user', 'user@online', '[]', '127.0.0.1', 'GET', 200, 1761714060, 110, 1, 1761714060),
	(488, 'develop', 'schema@index', '{"page":"1","limit":"10"}', '127.0.0.1', 'GET', 200, 1761714060, 98, 1, 1761714060),
	(489, 'user', 'user@online', '[]', '127.0.0.1', 'GET', 200, 1761714067, 86, 1, 1761714067),
	(490, 'develop', 'schema@index', '{"page":"1","limit":"10"}', '127.0.0.1', 'GET', 200, 1761714067, 102, 1, 1761714067),
	(491, 'common', 'option@index', '[]', '127.0.0.1', 'GET', 200, 1761715339, 113, 1, 1761715339),
	(492, 'purchase', 'purchaseorder@index', '{"page":"1","limit":"10"}', '127.0.0.1', 'GET', 200, 1761715339, 113, 1, 1761715339),
	(493, 'purchase', 'purchaseorder@store', '[]', '127.0.0.1', 'POST', 200, 1761715353, 986, 1, 1761715354),
	(494, 'permissions', 'roles@index', '[]', '127.0.0.1', 'GET', 200, 1761744568, 7414, 1, 1761744575),
	(495, 'permissions', 'permissions@index', '[]', '127.0.0.1', 'GET', 200, 1761744567, 8043, 1, 1761744575),
	(496, 'permissions', 'departments@index', '[]', '127.0.0.1', 'GET', 200, 1761744570, 4915, 1, 1761744575),
	(497, 'common', 'option@index', '[]', '127.0.0.1', 'GET', 200, 1761744571, 4870, 1, 1761744575),
	(498, 'develop', 'module@index', '{"page":"1","limit":"10"}', '127.0.0.1', 'GET', 200, 1761744565, 10689, 1, 1761744575),
	(499, 'user', 'user@index', '{"page":"1","limit":"10"}', '127.0.0.1', 'GET', 200, 1761744571, 4478, 1, 1761744576),
	(500, 'permissions', 'jobs@index', '{"page":"1","limit":"10"}', '127.0.0.1', 'GET', 200, 1761744569, 6739, 1, 1761744576),
	(501, 'permissions', 'departments@index', '[]', '127.0.0.1', 'GET', 200, 1761744575, 117, 1, 1761744576),
	(502, 'user', 'user@online', '[]', '127.0.0.1', 'GET', 200, 1761779602, 6733, 1, 1761779608),
	(503, 'common', 'option@index', '[]', '127.0.0.1', 'GET', 200, 1761780890, 214, 1, 1761780891),
	(504, 'purchase', 'purchaseorder@index', '{"page":"1","limit":"10"}', '127.0.0.1', 'GET', 200, 1761780890, 504, 1, 1761780891),
	(505, 'purchase', 'purchaseorder@store', '[]', '127.0.0.1', 'POST', 200, 1761780960, 831, 1, 1761780961),
	(506, 'user', 'user@online', '[]', '127.0.0.1', 'GET', 200, 1761781002, 228, 1, 1761781002),
	(507, 'user', 'user@online', '[]', '127.0.0.1', 'GET', 200, 1761781256, 169, 1, 1761781257),
	(508, 'common', 'option@index', '[]', '127.0.0.1', 'GET', 200, 1761781257, 162, 1, 1761781257),
	(509, 'purchase', 'purchaseorder@index', '{"page":"1","limit":"10"}', '127.0.0.1', 'GET', 200, 1761781257, 196, 1, 1761781257),
	(510, 'user', 'user@online', '[]', '127.0.0.1', 'GET', 200, 1761781300, 186, 1, 1761781300),
	(511, 'user', 'user@online', '[]', '127.0.0.1', 'GET', 200, 1761781303, 185, 1, 1761781303),
	(512, 'common', 'option@index', '[]', '127.0.0.1', 'GET', 200, 1761781303, 152, 1, 1761781304),
	(513, 'purchase', 'purchaseorder@index', '{"page":"1","limit":"10"}', '127.0.0.1', 'GET', 200, 1761781303, 165, 1, 1761781304),
	(514, 'user', 'user@online', '[]', '127.0.0.1', 'GET', 200, 1761781325, 204, 1, 1761781325),
	(515, 'user', 'user@online', '[]', '127.0.0.1', 'GET', 200, 1761781327, 150, 1, 1761781327),
	(516, 'common', 'option@index', '[]', '127.0.0.1', 'GET', 200, 1761781328, 134, 1, 1761781328),
	(517, 'purchase', 'purchaseorder@index', '{"page":"1","limit":"10"}', '127.0.0.1', 'GET', 200, 1761781328, 161, 1, 1761781328),
	(518, 'user', 'user@online', '[]', '127.0.0.1', 'GET', 200, 1761785050, 1491, 1, 1761785051),
	(519, 'common', 'option@index', '[]', '127.0.0.1', 'GET', 200, 1761785052, 301, 1, 1761785052),
	(520, 'purchase', 'purchaseorder@index', '{"page":"1","limit":"10"}', '127.0.0.1', 'GET', 200, 1761785052, 552, 1, 1761785052),
	(521, 'purchase', 'purchaseorder@index', '[]', '127.0.0.1', 'GET', 200, 1761785081, 218, 1, 1761785081),
	(522, 'purchase', 'purchaseorder@index', '[]', '127.0.0.1', 'GET', 200, 1761785157, 188, 1, 1761785157),
	(523, 'purchase', 'purchaseorder@index', '[]', '127.0.0.1', 'GET', 200, 1761785344, 159, 1, 1761785344),
	(524, 'purchase', 'purchaseorder@index', '[]', '127.0.0.1', 'GET', 200, 1761785349, 140, 1, 1761785350),
	(525, 'purchase', 'purchaseorder@show', '[]', '127.0.0.1', 'GET', 200, 1761785366, 173, 1, 1761785367),
	(526, 'purchase', 'purchaseorder@store', '[]', '127.0.0.1', 'POST', 200, 1761785452, 917, 1, 1761785453),
	(527, 'purchase', 'purchaseorder@store', '[]', '127.0.0.1', 'POST', 200, 1761785511, 206, 1, 1761785511),
	(528, 'purchase', 'purchaseorder@store', '[]', '127.0.0.1', 'POST', 200, 1761786499, 187, 1, 1761786499),
	(529, 'purchase', 'purchaseorder@store', '[]', '127.0.0.1', 'POST', 200, 1761786655, 157, 1, 1761786655),
	(530, 'purchase', 'purchaseorder@store', '[]', '127.0.0.1', 'POST', 200, 1761786659, 179, 1, 1761786660),
	(531, 'purchase', 'purchaseorder@store', '[]', '127.0.0.1', 'POST', 200, 1761786675, 1548, 1, 1761786677),
	(532, 'purchase', 'purchaseorder@store', '[]', '127.0.0.1', 'POST', 200, 1761786701, 458, 1, 1761786701),
	(533, 'purchase', 'purchaseorder@store', '[]', '127.0.0.1', 'POST', 200, 1761787295, 461, 1, 1761787295),
	(534, 'purchase', 'purchaseorder@store', '[]', '127.0.0.1', 'POST', 200, 1761787500, 354, 1, 1761787501),
	(535, 'purchase', 'purchaseorder@store', '[]', '127.0.0.1', 'POST', 200, 1761787743, 576, 1, 1761787744),
	(536, 'purchase', 'purchaseorder@store', '[]', '127.0.0.1', 'POST', 200, 1761787785, 326, 1, 1761787786),
	(537, 'purchase', 'purchaseorder@store', '[]', '127.0.0.1', 'POST', 200, 1761787922, 351, 1, 1761787923),
	(538, 'purchase', 'purchaseorder@store', '[]', '127.0.0.1', 'POST', 200, 1761867324, 12649, 1, 1761867337),
	(539, 'purchase', 'purchaseorder@store', '[]', '127.0.0.1', 'POST', 200, 1761867392, 482, 1, 1761867393),
	(540, 'purchase', 'purchaseorder@store', '[]', '127.0.0.1', 'POST', 200, 1761867397, 89, 1, 1761867397),
	(541, 'purchase', 'purchaseorder@store', '[]', '127.0.0.1', 'POST', 200, 1761867468, 2518, 1, 1761867471),
	(542, 'purchase', 'purchaseorder@store', '[]', '127.0.0.1', 'POST', 200, 1761868665, 721, 1, 1761868666),
	(543, 'purchase', 'purchaseorder@store', '[]', '127.0.0.1', 'POST', 200, 1761868768, 382, 1, 1761868768),
	(544, 'user', 'user@online', '[]', '127.0.0.1', 'GET', 200, 1762093773, 118, 1, 1762093773),
	(545, 'common', 'option@index', '[]', '127.0.0.1', 'GET', 200, 1762093776, 95, 1, 1762093776),
	(546, 'purchase', 'purchaseorder@index', '{"page":"1","limit":"10"}', '127.0.0.1', 'GET', 200, 1762093776, 133, 1, 1762093776),
	(547, 'purchase', 'purchaseorder@index', '[]', '127.0.0.1', 'GET', 200, 1762218294, 216, 1, 1762218294),
	(548, 'purchase', 'purchaseorder@store', '[]', '127.0.0.1', 'POST', 200, 1762218357, 389, 1, 1762218358),
	(549, 'purchase', 'purchaseorder@store', '[]', '127.0.0.1', 'POST', 200, 1762218439, 373, 1, 1762218440),
	(550, 'purchase', 'purchaseorder@store', '[]', '127.0.0.1', 'POST', 200, 1762218781, 441, 1, 1762218782),
	(551, 'purchase', 'purchaseorder@store', '[]', '127.0.0.1', 'POST', 200, 1762218955, 334, 1, 1762218956),
	(552, 'user', 'user@online', '[]', '127.0.0.1', 'GET', 200, 1762262472, 13058, 1, 1762262485),
	(553, 'user', 'user@online', '[]', '127.0.0.1', 'GET', 200, 1762263064, 134, 1, 1762263064),
	(554, 'common', 'option@index', '[]', '127.0.0.1', 'GET', 200, 1762263067, 171, 1, 1762263067),
	(555, 'purchase', 'purchaseorder@index', '{"page":"1","limit":"10"}', '127.0.0.1', 'GET', 200, 1762263067, 931, 1, 1762263068),
	(556, 'common', 'option@index', '[]', '127.0.0.1', 'GET', 200, 1762298876, 10124, 1, 1762298886),
	(557, 'develop', 'module@index', '{"page":"1","limit":"10"}', '127.0.0.1', 'GET', 200, 1762298875, 10720, 1, 1762298886),
	(558, 'develop', 'schema@index', '{"page":"1","limit":"10"}', '127.0.0.1', 'GET', 200, 1762298875, 10880, 1, 1762298886),
	(559, 'user', 'user@online', '[]', '127.0.0.1', 'GET', 200, 1762298888, 242, 1, 1762298888),
	(560, 'develop', 'schema@index', '{"page":"1","limit":"10"}', '127.0.0.1', 'GET', 200, 1762298888, 203, 1, 1762298889),
	(561, 'common', 'option@index', '[]', '127.0.0.1', 'GET', 200, 1762298892, 188, 1, 1762298892),
	(562, 'common', 'option@index', '[]', '127.0.0.1', 'GET', 200, 1762298897, 131, 1, 1762298897),
	(563, 'purchase', 'purchaseorder@index', '{"page":"1","limit":"10"}', '127.0.0.1', 'GET', 200, 1762298897, 572, 1, 1762298898),
	(564, 'user', 'user@online', '[]', '127.0.0.1', 'GET', 200, 1762298948, 144, 1, 1762298948),
	(565, 'common', 'option@index', '[]', '127.0.0.1', 'GET', 200, 1762298949, 159, 1, 1762298949),
	(566, 'purchase', 'purchaseorder@index', '{"page":"1","limit":"10"}', '127.0.0.1', 'GET', 200, 1762298949, 155, 1, 1762298949),
	(567, 'user', 'user@online', '[]', '127.0.0.1', 'GET', 200, 1762298965, 183, 1, 1762298965),
	(568, 'common', 'option@index', '[]', '127.0.0.1', 'GET', 200, 1762298966, 152, 1, 1762298966),
	(569, 'purchase', 'purchaseorder@index', '{"page":"1","limit":"10"}', '127.0.0.1', 'GET', 200, 1762298966, 156, 1, 1762298966),
	(570, 'user', 'user@online', '[]', '127.0.0.1', 'GET', 200, 1762298975, 156, 1, 1762298975),
	(571, 'user', 'user@online', '[]', '127.0.0.1', 'GET', 200, 1762299605, 133, 1, 1762299605),
	(572, 'user', 'user@online', '[]', '127.0.0.1', 'GET', 200, 1762299748, 179, 1, 1762299748),
	(573, 'common', 'option@index', '[]', '127.0.0.1', 'GET', 200, 1762299749, 207, 1, 1762299749),
	(574, 'purchase', 'purchaseorder@index', '{"page":"1","limit":"10"}', '127.0.0.1', 'GET', 200, 1762299749, 201, 1, 1762299749),
	(575, 'purchase', 'purchaseorder@store', '[]', '127.0.0.1', 'POST', 200, 1762300126, 1910, 1, 1762300128),
	(576, 'purchase', 'purchaseorder@index', '[]', '127.0.0.1', 'GET', 200, 1762302576, 179, 1, 1762302577),
	(577, 'purchase', 'purchaseorder@show', '[]', '127.0.0.1', 'GET', 200, 1762470889, 11560, 1, 1762470901);

-- 导出  表 caigou.ymp_migrations 结构
DROP TABLE IF EXISTS `ymp_migrations`;
CREATE TABLE IF NOT EXISTS `ymp_migrations` (
  `id` int(10) unsigned NOT NULL AUTO_INCREMENT,
  `migration` varchar(255) COLLATE utf8mb4_unicode_ci NOT NULL,
  `batch` int(11) NOT NULL,
  PRIMARY KEY (`id`)
) ENGINE=InnoDB AUTO_INCREMENT=17 DEFAULT CHARSET=utf8mb4 COLLATE=utf8mb4_unicode_ci;

-- 正在导出表  caigou.ymp_migrations 的数据：~16 rows (大约)
DELETE FROM `ymp_migrations`;
INSERT INTO `ymp_migrations` (`id`, `migration`, `batch`) VALUES
	(1, '2022_12_04_060250_create_users', 1),
	(2, '2022_12_04_062539_create_log_login', 2),
	(3, '2022_12_17_031519_create_log_operate', 3),
	(4, 'Schemas', 4),
	(5, '2019_08_19_000000_create_failed_jobs_table', 5),
	(6, '2019_12_14_000001_create_personal_access_tokens_table', 5),
	(7, '2022_12_05_084442_create_roles', 6),
	(8, '2022_12_06_110551_create_jobs', 7),
	(9, '2022_12_07_075441_create_departments', 8),
	(10, '2022_12_07_103318_create_permissions', 9),
	(11, '2022_12_10_061840_create_user_has_roles', 10),
	(12, '2022_12_10_061857_create_role_has_permissions', 11),
	(13, '2022_12_10_061919_create_user_has_jobs', 12),
	(14, '2022_12_10_061928_create_role_has_departments', 13),
	(15, '2023_03_01_142043_create_remove_is_inner', 14),
	(16, '2023_04_17_141652_create_update_permissions', 15);

-- 导出  表 caigou.ymp_permissions 结构
DROP TABLE IF EXISTS `ymp_permissions`;
CREATE TABLE IF NOT EXISTS `ymp_permissions` (
  `id` int(10) unsigned NOT NULL AUTO_INCREMENT,
  `parent_id` int(11) NOT NULL DEFAULT '0' COMMENT '父级菜单',
  `permission_name` varchar(50) COLLATE utf8mb4_unicode_ci NOT NULL COMMENT '菜单名称',
  `route` varchar(50) COLLATE utf8mb4_unicode_ci NOT NULL COMMENT '前端路由',
  `icon` varchar(255) COLLATE utf8mb4_unicode_ci NOT NULL DEFAULT '',
  `module` varchar(50) COLLATE utf8mb4_unicode_ci NOT NULL COMMENT '所属模块',
  `permission_mark` varchar(100) COLLATE utf8mb4_unicode_ci NOT NULL DEFAULT '' COMMENT '权限标识,使用 @ 分割',
  `component` varchar(255) COLLATE utf8mb4_unicode_ci NOT NULL DEFAULT '',
  `redirect` varchar(255) COLLATE utf8mb4_unicode_ci DEFAULT NULL COMMENT '跳转地址',
  `keepalive` tinyint(4) NOT NULL DEFAULT '1' COMMENT '1 缓存 2 不缓存',
  `type` tinyint(4) NOT NULL DEFAULT '1' COMMENT '1 目录 2 菜单 3 按钮',
  `hidden` tinyint(4) NOT NULL DEFAULT '1' COMMENT '1 显示 2 隐藏',
  `sort` int(11) NOT NULL DEFAULT '1' COMMENT '排序',
  `active_menu` varchar(255) COLLATE utf8mb4_unicode_ci NOT NULL DEFAULT '' COMMENT '访问内页时，需要激活的菜单栏',
  `creator_id` int(10) unsigned NOT NULL DEFAULT '0' COMMENT 'creator id',
  `created_at` int(10) unsigned NOT NULL DEFAULT '0' COMMENT 'created time',
  `updated_at` int(10) unsigned NOT NULL DEFAULT '0' COMMENT 'updated time',
  `deleted_at` int(10) unsigned NOT NULL DEFAULT '0' COMMENT 'delete time',
  PRIMARY KEY (`id`),
  KEY `ymp_permissions_module_permission_mark_index` (`module`,`permission_mark`)
) ENGINE=InnoDB AUTO_INCREMENT=44 DEFAULT CHARSET=utf8mb4 COLLATE=utf8mb4_unicode_ci COMMENT='权限表';

-- 正在导出表  caigou.ymp_permissions 的数据：~43 rows (大约)
DELETE FROM `ymp_permissions`;
INSERT INTO `ymp_permissions` (`id`, `parent_id`, `permission_name`, `route`, `icon`, `module`, `permission_mark`, `component`, `redirect`, `keepalive`, `type`, `hidden`, `sort`, `active_menu`, `creator_id`, `created_at`, `updated_at`, `deleted_at`) VALUES
	(1, 0, '权限管理', '/permission', 'arrow-down-on-square-stack', 'permissions', '', '/layout/index.vue', '', 1, 1, 1, 3, '', 1, 1670579928, 1761350063, 0),
	(2, 1, '角色管理', 'roles', 'arrow-left-circle', 'permissions', 'Roles', '/permissions/roles/index.vue', '', 1, 2, 1, 6, '', 1, 1670579968, 1761315797, 0),
	(3, 2, '列表', '', '', 'permissions', 'Roles@index', '', '', 1, 3, 1, 1, '', 1, 1671526858, 1672798090, 0),
	(4, 2, '新增', '', '', 'permissions', 'Roles@store', '', '', 1, 3, 1, 2, '', 1, 1671526858, 1672798090, 0),
	(5, 2, '读取', '', '', 'permissions', 'Roles@show', '', '', 1, 3, 1, 3, '', 1, 1671526858, 1672798090, 0),
	(6, 2, '更新', '', '', 'permissions', 'Roles@update', '', '', 1, 3, 1, 4, '', 1, 1671526858, 1672798090, 0),
	(7, 2, '删除', '', '', 'permissions', 'Roles@destroy', '', '', 1, 3, 1, 5, '', 1, 1671526858, 1672798090, 0),
	(8, 1, '菜单管理', 'permissions', 'finger-print', 'permissions', 'Permissions', '/permissions/permissions/index.vue', NULL, 1, 2, 1, 1, '', 0, 1670641371, 1672798090, 0),
	(9, 8, '列表', '', '', 'permissions', 'Permissions@index', '', '', 1, 3, 1, 1, '', 1, 1671524755, 1672798090, 0),
	(10, 8, '新增', '', '', 'permissions', 'Permissions@store', '', '', 1, 3, 1, 2, '', 1, 1671524755, 1672798090, 0),
	(11, 8, '读取', '', '', 'permissions', 'Permissions@show', '', '', 1, 3, 1, 3, '', 1, 1671524755, 1672798090, 0),
	(12, 8, '更新', '', '', 'permissions', 'Permissions@update', '', '', 1, 3, 1, 4, '', 1, 1671524756, 1672798090, 0),
	(13, 8, '删除', '', '', 'permissions', 'Permissions@destroy', '', '', 1, 3, 1, 5, '', 1, 1671524756, 1672798090, 0),
	(14, 8, '禁用/启用', '', '', 'permissions', 'Permissions@enable', '', '', 1, 3, 1, 6, '', 1, 1671524756, 1672798090, 0),
	(15, 1, '岗位管理', 'jobs', 'globe-americas', 'permissions', 'Jobs', '/permissions/jobs/index.vue', NULL, 1, 2, 1, 1, '', 0, 1670641399, 1672798090, 0),
	(16, 15, '列表', '', '', 'permissions', 'Jobs@index', '', '', 1, 3, 1, 1, '', 1, 1671524747, 1672798090, 0),
	(17, 15, '新增', '', '', 'permissions', 'Jobs@store', '', '', 1, 3, 1, 2, '', 1, 1671524747, 1672798090, 0),
	(18, 15, '读取', '', '', 'permissions', 'Jobs@show', '', '', 1, 3, 1, 3, '', 1, 1671524747, 1672798090, 0),
	(19, 15, '更新', '', '', 'permissions', 'Jobs@update', '', '', 1, 3, 1, 4, '', 1, 1671524747, 1672798090, 0),
	(20, 15, '删除', '', '', 'permissions', 'Jobs@destroy', '', '', 1, 3, 1, 5, '', 1, 1671524747, 1672798090, 0),
	(21, 15, '禁用/启用', '', '', 'permissions', 'Jobs@enable', '', '', 1, 3, 1, 6, '', 1, 1671524747, 1672798090, 0),
	(22, 1, '部门管理', 'departments', 'table-cells', 'permissions', 'Departments', '/permissions/departments/index.vue', NULL, 1, 2, 1, 1, '', 0, 1670641426, 1672798090, 0),
	(23, 22, '列表', '', '', 'permissions', 'Departments@index', '', '', 1, 3, 1, 1, '', 1, 1671501850, 1672798090, 0),
	(24, 22, '新增', '', '', 'permissions', 'Departments@store', '', '', 1, 3, 1, 1, '', 1, 1671501861, 1672798090, 0),
	(25, 22, '读取', '', '', 'permissions', 'Departments@show', '', '', 1, 3, 1, 1, '', 1, 1671501872, 1672798090, 0),
	(26, 22, '更新', '', '', 'permissions', 'Departments@update', '', '', 1, 3, 1, 1, '', 1, 1671517311, 1672798090, 0),
	(27, 22, '删除', '', '', 'permissions', 'Departments@destroy', '', '', 1, 3, 1, 1, '', 1, 1671517324, 1672798090, 0),
	(28, 22, '禁用/启用', '', '', 'permissions', 'Departments@enable', '', '', 1, 3, 1, 6, '', 1, 1671524493, 1672798090, 0),
	(29, 1, '用户管理', 'user', 'users', 'user', 'user', '/user/index.vue', NULL, 1, 2, 1, 1, '', 1, 1709342019, 1709342019, 0),
	(30, 29, '列表', '', '', 'user', 'user@index', '', '', 1, 3, 1, 1, '', 1, 1709373354, 1709373354, 0),
	(31, 29, '新增', '', '', 'user', 'user@store', '', '', 1, 3, 1, 2, '', 1, 1709373354, 1709373354, 0),
	(32, 29, '读取', '', '', 'user', 'user@show', '', '', 1, 3, 1, 3, '', 1, 1709373354, 1709373354, 0),
	(33, 29, '更新', '', '', 'user', 'user@update', '', '', 1, 3, 1, 4, '', 1, 1709373354, 1709373354, 0),
	(34, 29, '删除', '', '', 'user', 'user@destroy', '', '', 1, 3, 1, 5, '', 1, 1709373354, 1709373354, 0),
	(35, 29, '禁用/启用', '', '', 'user', 'user@enable', '', '', 1, 3, 1, 6, '', 1, 1709373354, 1709373354, 0),
	(36, 29, '导出', '', '', 'user', 'user@export', '', '', 1, 3, 1, 10, '', 1, 1709373354, 1709373354, 0),
	(37, 0, '采购管理', '/purchase', 'briefcase', 'purchase', '', '/layout/index.vue', '', 1, 1, 1, 1, '', 1, 1761315554, 1761315665, 0),
	(38, 37, '采购单管理', 'purchase', 'clipboard-document-check', 'purchase', 'Purchase', '/purchase/purchaseOrder/index.vue', '', 1, 2, 1, 1, '', 1, 1761315794, 1761694585, 0),
	(39, 38, '列表', '', '', 'purchase', 'Purchase@index', '', '', 1, 3, 1, 1, '', 1, 1761350528, 1761350528, 0),
	(40, 38, '新增', '', '', 'purchase', 'Purchase@store', '', '', 1, 3, 1, 2, '', 1, 1761350528, 1761350528, 0),
	(41, 38, '读取', '', '', 'purchase', 'Purchase@show', '', '', 1, 3, 1, 3, '', 1, 1761350528, 1761350528, 0),
	(42, 38, '更新', '', '', 'purchase', 'Purchase@update', '', '', 1, 3, 1, 4, '', 1, 1761350528, 1761350528, 0),
	(43, 38, '删除', '', '', 'purchase', 'Purchase@destroy', '', '', 1, 3, 1, 5, '', 1, 1761350528, 1761350528, 0);

-- 导出  表 caigou.ymp_personal_access_tokens 结构
DROP TABLE IF EXISTS `ymp_personal_access_tokens`;
CREATE TABLE IF NOT EXISTS `ymp_personal_access_tokens` (
  `id` bigint(20) unsigned NOT NULL AUTO_INCREMENT,
  `tokenable_type` varchar(255) COLLATE utf8mb4_unicode_ci NOT NULL,
  `tokenable_id` bigint(20) unsigned NOT NULL,
  `name` varchar(255) COLLATE utf8mb4_unicode_ci NOT NULL,
  `token` varchar(64) COLLATE utf8mb4_unicode_ci NOT NULL,
  `abilities` text COLLATE utf8mb4_unicode_ci,
  `last_used_at` timestamp NULL DEFAULT NULL,
  `expires_at` timestamp NULL DEFAULT NULL,
  `created_at` timestamp NULL DEFAULT NULL,
  `updated_at` timestamp NULL DEFAULT NULL,
  PRIMARY KEY (`id`),
  UNIQUE KEY `ymp_personal_access_tokens_token_unique` (`token`),
  KEY `ymp_personal_access_tokens_tokenable_type_tokenable_id_index` (`tokenable_type`,`tokenable_id`)
) ENGINE=InnoDB AUTO_INCREMENT=12 DEFAULT CHARSET=utf8mb4 COLLATE=utf8mb4_unicode_ci;

-- 正在导出表  caigou.ymp_personal_access_tokens 的数据：~10 rows (大约)
DELETE FROM `ymp_personal_access_tokens`;
INSERT INTO `ymp_personal_access_tokens` (`id`, `tokenable_type`, `tokenable_id`, `name`, `token`, `abilities`, `last_used_at`, `expires_at`, `created_at`, `updated_at`) VALUES
	(1, 'Modules\\User\\Models\\User', 1, 'token', '8cb37fb9c59e4bc21626c4879975db28b3d4996e123911cbadbbc1c7ea6e61ac', '["*"]', '2025-10-15 01:11:22', NULL, '2025-10-14 16:28:49', '2025-10-15 01:11:22'),
	(2, 'Modules\\User\\Models\\User', 1, 'token', '04149efc6beb1f372e663623b3063a64aa131159691fc979c7a9e84314c8f735', '["*"]', '2025-10-18 14:06:55', NULL, '2025-10-17 02:24:54', '2025-10-18 14:06:55'),
	(3, 'Modules\\User\\Models\\User', 1, 'token', '980999f996bcaa16b377e85b394f6d9b185befcd07e6e112c090e0fe1949fbb7', '["*"]', '2025-10-25 00:08:52', NULL, '2025-10-24 13:29:04', '2025-10-25 00:08:52'),
	(4, 'Modules\\User\\Models\\User', 1, 'token', 'bab76af9e1e211d3e923e1cf88c71f2fbbaf5ab407a81870f62bc184faecd267', '["*"]', '2025-10-25 07:14:27', NULL, '2025-10-25 07:11:49', '2025-10-25 07:14:27'),
	(5, 'Modules\\User\\Models\\User', 1, 'token', '69631eb878e8beac29b9ca408f2f240575951831c0fe6cc96e0bb9d1f8174e29', '["*"]', '2025-10-26 01:59:21', NULL, '2025-10-25 07:14:56', '2025-10-26 01:59:21'),
	(6, 'Modules\\User\\Models\\User', 1, 'token', 'fe5d3555e5bbbb437038188e494aaf6918137e32280fdca17d4d293393c09021', '["*"]', '2025-10-25 07:33:43', NULL, '2025-10-25 07:33:28', '2025-10-25 07:33:43'),
	(7, 'Modules\\User\\Models\\User', 1, 'token', 'f91376ad20c3c8c7e8a5d46a92a6d20336c29166c5be960690a1db628e5bbab6', '["*"]', '2025-10-26 00:57:41', NULL, '2025-10-26 00:57:03', '2025-10-26 00:57:41'),
	(8, 'Modules\\User\\Models\\User', 1, 'token', 'd8f1e7a0a96d8d91de9b38450dd5026e8dc5d6a287774d698488a733a84850ed', '["*"]', '2025-10-28 16:46:09', NULL, '2025-10-28 13:23:06', '2025-10-28 16:46:09'),
	(9, 'Modules\\User\\Models\\User', 1, 'token', '6fb3b4427cc65138048ab9b5a35f0998735913b66d325ab713acd1879caebb53', '["*"]', '2025-11-06 23:15:00', NULL, '2025-10-28 16:46:53', '2025-11-06 23:15:00'),
	(10, 'Modules\\User\\Models\\User', 1, 'token', '82c088584d5449257dceaca262b3a5d513916ac4a506791dc402df34fa35067c', '["*"]', '2025-11-02 14:29:36', NULL, '2025-11-02 14:29:32', '2025-11-02 14:29:36'),
	(11, 'Modules\\User\\Models\\User', 1, 'token', '24c12cf7912035cf8dfa1577226bd28e3c1cb674f3bd17ca5d62fc5acbf6c09a', '["*"]', '2025-11-04 23:42:29', NULL, '2025-11-04 13:31:04', '2025-11-04 23:42:29');

-- 导出  表 caigou.ymp_purchase_order 结构
DROP TABLE IF EXISTS `ymp_purchase_order`;
CREATE TABLE IF NOT EXISTS `ymp_purchase_order` (
  `id` bigint(20) unsigned NOT NULL AUTO_INCREMENT COMMENT '主键',
  `number` varchar(25) COLLATE utf8mb4_unicode_ci NOT NULL COMMENT '批量采购单号',
  `name` varchar(255) COLLATE utf8mb4_unicode_ci NOT NULL COMMENT '采购单名称',
  `creator_id` int(10) unsigned NOT NULL DEFAULT '0' COMMENT 'creator id',
  `created_at` int(10) unsigned NOT NULL DEFAULT '0' COMMENT 'created time',
  `updated_at` int(10) unsigned NOT NULL DEFAULT '0' COMMENT 'updated time',
  `deleted_at` int(10) unsigned NOT NULL DEFAULT '0' COMMENT 'delete time',
  PRIMARY KEY (`id`),
  UNIQUE KEY `ymp_purchase_order_number_unique` (`number`)
) ENGINE=InnoDB DEFAULT CHARSET=utf8mb4 COLLATE=utf8mb4_unicode_ci COMMENT='采购单';

-- 正在导出表  caigou.ymp_purchase_order 的数据：~0 rows (大约)
DELETE FROM `ymp_purchase_order`;

-- 导出  表 caigou.ymp_roles 结构
DROP TABLE IF EXISTS `ymp_roles`;
CREATE TABLE IF NOT EXISTS `ymp_roles` (
  `id` int(10) unsigned NOT NULL AUTO_INCREMENT,
  `role_name` varchar(30) COLLATE utf8mb4_unicode_ci NOT NULL COMMENT '角色名称',
  `identify` varchar(30) COLLATE utf8mb4_unicode_ci DEFAULT NULL COMMENT '角色的标识，用英文表示',
  `parent_id` int(11) NOT NULL DEFAULT '0' COMMENT '父级ID',
  `description` varchar(255) COLLATE utf8mb4_unicode_ci DEFAULT NULL COMMENT '角色描述',
  `data_range` smallint(6) NOT NULL DEFAULT '0' COMMENT '1 全部数据 2 自定义数据 3 仅本人数据 4 部门数据 5 部门及以下数据',
  `creator_id` int(10) unsigned NOT NULL DEFAULT '0' COMMENT 'creator id',
  `created_at` int(10) unsigned NOT NULL DEFAULT '0' COMMENT 'created time',
  `updated_at` int(10) unsigned NOT NULL DEFAULT '0' COMMENT 'updated time',
  `deleted_at` int(10) unsigned NOT NULL DEFAULT '0' COMMENT 'delete time',
  PRIMARY KEY (`id`)
) ENGINE=InnoDB AUTO_INCREMENT=2 DEFAULT CHARSET=utf8mb4 COLLATE=utf8mb4_unicode_ci COMMENT='角色表';

-- 正在导出表  caigou.ymp_roles 的数据：~0 rows (大约)
DELETE FROM `ymp_roles`;
INSERT INTO `ymp_roles` (`id`, `role_name`, `identify`, `parent_id`, `description`, `data_range`, `creator_id`, `created_at`, `updated_at`, `deleted_at`) VALUES
	(1, '采购', 'purchase', 0, NULL, 1, 1, 1761376386, 1761376386, 0);

-- 导出  表 caigou.ymp_role_has_departments 结构
DROP TABLE IF EXISTS `ymp_role_has_departments`;
CREATE TABLE IF NOT EXISTS `ymp_role_has_departments` (
  `role_id` int(11) NOT NULL COMMENT 'roles primary key',
  `department_id` int(11) NOT NULL COMMENT 'departments primary key'
) ENGINE=InnoDB DEFAULT CHARSET=utf8mb4 COLLATE=utf8mb4_unicode_ci COMMENT='role relate departments';

-- 正在导出表  caigou.ymp_role_has_departments 的数据：~0 rows (大约)
DELETE FROM `ymp_role_has_departments`;

-- 导出  表 caigou.ymp_role_has_permissions 结构
DROP TABLE IF EXISTS `ymp_role_has_permissions`;
CREATE TABLE IF NOT EXISTS `ymp_role_has_permissions` (
  `role_id` int(11) NOT NULL COMMENT 'roles primary key',
  `permission_id` int(11) NOT NULL COMMENT 'permissions primary key'
) ENGINE=InnoDB DEFAULT CHARSET=utf8mb4 COLLATE=utf8mb4_unicode_ci COMMENT='role relate permissions';

-- 正在导出表  caigou.ymp_role_has_permissions 的数据：~43 rows (大约)
DELETE FROM `ymp_role_has_permissions`;
INSERT INTO `ymp_role_has_permissions` (`role_id`, `permission_id`) VALUES
	(1, 1),
	(1, 10),
	(1, 11),
	(1, 12),
	(1, 13),
	(1, 14),
	(1, 15),
	(1, 16),
	(1, 17),
	(1, 18),
	(1, 19),
	(1, 2),
	(1, 20),
	(1, 21),
	(1, 22),
	(1, 23),
	(1, 24),
	(1, 25),
	(1, 26),
	(1, 27),
	(1, 28),
	(1, 29),
	(1, 3),
	(1, 30),
	(1, 31),
	(1, 32),
	(1, 33),
	(1, 34),
	(1, 35),
	(1, 36),
	(1, 37),
	(1, 38),
	(1, 39),
	(1, 4),
	(1, 40),
	(1, 41),
	(1, 42),
	(1, 43),
	(1, 5),
	(1, 6),
	(1, 7),
	(1, 8),
	(1, 9);

-- 导出  表 caigou.ymp_schemas 结构
DROP TABLE IF EXISTS `ymp_schemas`;
CREATE TABLE IF NOT EXISTS `ymp_schemas` (
  `id` int(10) unsigned NOT NULL AUTO_INCREMENT,
  `module` varchar(255) COLLATE utf8mb4_unicode_ci NOT NULL COMMENT '模块名称',
  `name` varchar(255) COLLATE utf8mb4_unicode_ci NOT NULL COMMENT 'schema 名称',
  `columns` varchar(2000) COLLATE utf8mb4_unicode_ci NOT NULL COMMENT '字段',
  `is_soft_delete` tinyint(1) NOT NULL DEFAULT '1' COMMENT '1 是 2 否',
  `created_at` int(10) unsigned NOT NULL DEFAULT '0' COMMENT 'created time',
  `updated_at` int(10) unsigned NOT NULL DEFAULT '0' COMMENT 'updated time',
  `deleted_at` int(10) unsigned NOT NULL DEFAULT '0' COMMENT 'delete time',
  PRIMARY KEY (`id`)
) ENGINE=InnoDB AUTO_INCREMENT=5 DEFAULT CHARSET=utf8mb4 COLLATE=utf8mb4_unicode_ci;

-- 正在导出表  caigou.ymp_schemas 的数据：~0 rows (大约)
DELETE FROM `ymp_schemas`;
INSERT INTO `ymp_schemas` (`id`, `module`, `name`, `columns`, `is_soft_delete`, `created_at`, `updated_at`, `deleted_at`) VALUES
	(4, 'purchase', 'purchase_order', 'id,number,name', 1, 1761694213, 1761694213, 0);

-- 导出  表 caigou.ymp_users 结构
DROP TABLE IF EXISTS `ymp_users`;
CREATE TABLE IF NOT EXISTS `ymp_users` (
  `id` int(10) unsigned NOT NULL AUTO_INCREMENT,
  `username` varchar(255) COLLATE utf8mb4_unicode_ci NOT NULL COMMENT '昵称',
  `password` varchar(255) COLLATE utf8mb4_unicode_ci NOT NULL COMMENT '密码',
  `email` varchar(255) COLLATE utf8mb4_unicode_ci NOT NULL COMMENT '邮箱',
  `avatar` varchar(255) COLLATE utf8mb4_unicode_ci DEFAULT NULL COMMENT '头像',
  `remember_token` varchar(1000) COLLATE utf8mb4_unicode_ci DEFAULT NULL COMMENT 'token',
  `department_id` int(11) NOT NULL DEFAULT '0' COMMENT '部门ID',
  `creator_id` int(11) NOT NULL DEFAULT '0',
  `status` tinyint(4) NOT NULL DEFAULT '1' COMMENT '1:normal 2: forbidden',
  `login_ip` varchar(255) COLLATE utf8mb4_unicode_ci DEFAULT NULL COMMENT '登录IP',
  `login_at` int(11) NOT NULL DEFAULT '0' COMMENT '登录时间',
  `created_at` int(10) unsigned NOT NULL DEFAULT '0' COMMENT 'created time',
  `updated_at` int(10) unsigned NOT NULL DEFAULT '0' COMMENT 'updated time',
  `deleted_at` int(10) unsigned NOT NULL DEFAULT '0' COMMENT 'delete time',
  PRIMARY KEY (`id`)
) ENGINE=InnoDB AUTO_INCREMENT=3 DEFAULT CHARSET=utf8mb4 COLLATE=utf8mb4_unicode_ci COMMENT='用户表';

-- 正在导出表  caigou.ymp_users 的数据：~2 rows (大约)
DELETE FROM `ymp_users`;
INSERT INTO `ymp_users` (`id`, `username`, `password`, `email`, `avatar`, `remember_token`, `department_id`, `creator_id`, `status`, `login_ip`, `login_at`, `created_at`, `updated_at`, `deleted_at`) VALUES
	(1, 'huaneng', '$2y$10$RcJVgg9O.SwDlwpNK7lSiuMkI6MT2x5.If3JNDu2YV/oDzzryqRvG', 'huaneng@qq.com', NULL, NULL, 0, 1, 1, '127.0.0.1', 1762263064, 1760413170, 1762263064, 0),
	(2, 'test', '$2y$10$RcJVgg9O.SwDlwpNK7lSiuMkI6MT2x5.If3JNDu2YV/oDzzryqRvG', 'test@qq.com', NULL, NULL, 1, 1, 1, NULL, 0, 1761376467, 1761376467, 0);

-- 导出  表 caigou.ymp_user_has_jobs 结构
DROP TABLE IF EXISTS `ymp_user_has_jobs`;
CREATE TABLE IF NOT EXISTS `ymp_user_has_jobs` (
  `user_id` int(11) NOT NULL COMMENT 'users primary key',
  `job_id` int(11) NOT NULL COMMENT 'jobs primary key'
) ENGINE=InnoDB DEFAULT CHARSET=utf8mb4 COLLATE=utf8mb4_unicode_ci COMMENT='user relate jobs';

-- 正在导出表  caigou.ymp_user_has_jobs 的数据：~0 rows (大约)
DELETE FROM `ymp_user_has_jobs`;
INSERT INTO `ymp_user_has_jobs` (`user_id`, `job_id`) VALUES
	(2, 1);

-- 导出  表 caigou.ymp_user_has_roles 结构
DROP TABLE IF EXISTS `ymp_user_has_roles`;
CREATE TABLE IF NOT EXISTS `ymp_user_has_roles` (
  `user_id` int(11) NOT NULL COMMENT 'users primary key',
  `role_id` int(11) NOT NULL COMMENT 'roles primary key'
) ENGINE=InnoDB DEFAULT CHARSET=utf8mb4 COLLATE=utf8mb4_unicode_ci COMMENT='user relate roles';

-- 正在导出表  caigou.ymp_user_has_roles 的数据：~0 rows (大约)
DELETE FROM `ymp_user_has_roles`;
INSERT INTO `ymp_user_has_roles` (`user_id`, `role_id`) VALUES
	(2, 1);

/*!40103 SET TIME_ZONE=IFNULL(@OLD_TIME_ZONE, 'system') */;
/*!40101 SET SQL_MODE=IFNULL(@OLD_SQL_MODE, '') */;
/*!40014 SET FOREIGN_KEY_CHECKS=IFNULL(@OLD_FOREIGN_KEY_CHECKS, 1) */;
/*!40101 SET CHARACTER_SET_CLIENT=@OLD_CHARACTER_SET_CLIENT */;
/*!40111 SET SQL_NOTES=IFNULL(@OLD_SQL_NOTES, 1) */;
